case_id,terrain,difficulty_row,source_column,seed,command_bin,replicate,vx_m_s,vy_m_s,yaw_rad_s
1000000,smooth_slope,0,0,210000,standing,0,0,0,0
1000001,smooth_slope,0,1,210000,standing,1,0,0,0
1000002,smooth_slope,0,0,210000,standing,2,0,0,0
1000003,smooth_slope,0,1,210000,standing,3,0,0,0
1000004,smooth_slope,0,0,210000,standing,4,0,0,0
1000005,smooth_slope,0,1,210000,standing,5,0,0,0
1000006,smooth_slope,0,0,210000,standing,6,0,0,0
1000007,smooth_slope,0,1,210000,standing,7,0,0,0
1000064,smooth_slope,0,0,210000,low_speed,0,0.25,0,0
1000065,smooth_slope,0,0,210000,low_speed,1,-0.25,0,0
1000066,smooth_slope,0,0,210000,low_speed,2,0,0.25,0.25
1000067,smooth_slope,0,0,210000,low_speed,3,0,-0.25,-0.25
1000068,smooth_slope,0,1,210000,low_speed,4,0.25,0,0
1000069,smooth_slope,0,1,210000,low_speed,5,-0.25,0,0
1000070,smooth_slope,0,1,210000,low_speed,6,0,0.25,0.25
1000071,smooth_slope,0,1,210000,low_speed,7,0,-0.25,-0.25
1000128,smooth_slope,0,0,210000,normal_motion,0,0.75,0,0
1000129,smooth_slope,0,0,210000,normal_motion,1,-0.75,0,0
1000130,smooth_slope,0,0,210000,normal_motion,2,0,0.75,0.5
1000131,smooth_slope,0,0,210000,normal_motion,3,0,-0.75,-0.5
1000132,smooth_slope,0,1,210000,normal_motion,4,0.75,0,0
1000133,smooth_slope,0,1,210000,normal_motion,5,-0.75,0,0
1000134,smooth_slope,0,1,210000,normal_motion,6,0,0.75,0.5
1000135,smooth_slope,0,1,210000,normal_motion,7,0,-0.75,-0.5
1000192,smooth_slope,0,0,210001,standing,0,0,0,0
1000193,smooth_slope,0,1,210001,standing,1,0,0,0
1000194,smooth_slope,0,0,210001,standing,2,0,0,0
1000195,smooth_slope,0,1,210001,standing,3,0,0,0
1000196,smooth_slope,0,0,210001,standing,4,0,0,0
1000197,smooth_slope,0,1,210001,standing,5,0,0,0
1000198,smooth_slope,0,0,210001,standing,6,0,0,0
1000199,smooth_slope,0,1,210001,standing,7,0,0,0
1000256,smooth_slope,0,0,210001,low_speed,0,0.25,0,0
1000257,smooth_slope,0,0,210001,low_speed,1,-0.25,0,0
1000258,smooth_slope,0,0,210001,low_speed,2,0,0.25,0.25
1000259,smooth_slope,0,0,210001,low_speed,3,0,-0.25,-0.25
1000260,smooth_slope,0,1,210001,low_speed,4,0.25,0,0
1000261,smooth_slope,0,1,210001,low_speed,5,-0.25,0,0
1000262,smooth_slope,0,1,210001,low_speed,6,0,0.25,0.25
1000263,smooth_slope,0,1,210001,low_speed,7,0,-0.25,-0.25
1000320,smooth_slope,0,0,210001,normal_motion,0,0.75,0,0
1000321,smooth_slope,0,0,210001,normal_motion,1,-0.75,0,0
1000322,smooth_slope,0,0,210001,normal_motion,2,0,0.75,0.5
1000323,smooth_slope,0,0,210001,normal_motion,3,0,-0.75,-0.5
1000324,smooth_slope,0,1,210001,normal_motion,4,0.75,0,0
1000325,smooth_slope,0,1,210001,normal_motion,5,-0.75,0,0
1000326,smooth_slope,0,1,210001,normal_motion,6,0,0.75,0.5
1000327,smooth_slope,0,1,210001,normal_motion,7,0,-0.75,-0.5
1000384,smooth_slope,0,0,210002,standing,0,0,0,0
1000385,smooth_slope,0,1,210002,standing,1,0,0,0
1000386,smooth_slope,0,0,210002,standing,2,0,0,0
1000387,smooth_slope,0,1,210002,standing,3,0,0,0
1000388,smooth_slope,0,0,210002,standing,4,0,0,0
1000389,smooth_slope,0,1,210002,standing,5,0,0,0
1000390,smooth_slope,0,0,210002,standing,6,0,0,0
1000391,smooth_slope,0,1,210002,standing,7,0,0,0
1000448,smooth_slope,0,0,210002,low_speed,0,0.25,0,0
1000449,smooth_slope,0,0,210002,low_speed,1,-0.25,0,0
1000450,smooth_slope,0,0,210002,low_speed,2,0,0.25,0.25
1000451,smooth_slope,0,0,210002,low_speed,3,0,-0.25,-0.25
1000452,smooth_slope,0,1,210002,low_speed,4,0.25,0,0
1000453,smooth_slope,0,1,210002,low_speed,5,-0.25,0,0
1000454,smooth_slope,0,1,210002,low_speed,6,0,0.25,0.25
1000455,smooth_slope,0,1,210002,low_speed,7,0,-0.25,-0.25
1000512,smooth_slope,0,0,210002,normal_motion,0,0.75,0,0
1000513,smooth_slope,0,0,210002,normal_motion,1,-0.75,0,0
1000514,smooth_slope,0,0,210002,normal_motion,2,0,0.75,0.5
1000515,smooth_slope,0,0,210002,normal_motion,3,0,-0.75,-0.5
1000516,smooth_slope,0,1,210002,normal_motion,4,0.75,0,0
1000517,smooth_slope,0,1,210002,normal_motion,5,-0.75,0,0
1000518,smooth_slope,0,1,210002,normal_motion,6,0,0.75,0.5
1000519,smooth_slope,0,1,210002,normal_motion,7,0,-0.75,-0.5
1000576,smooth_slope,1,0,210000,standing,0,0,0,0
1000577,smooth_slope,1,1,210000,standing,1,0,0,0
1000578,smooth_slope,1,0,210000,standing,2,0,0,0
1000579,smooth_slope,1,1,210000,standing,3,0,0,0
1000580,smooth_slope,1,0,210000,standing,4,0,0,0
1000581,smooth_slope,1,1,210000,standing,5,0,0,0
1000582,smooth_slope,1,0,210000,standing,6,0,0,0
1000583,smooth_slope,1,1,210000,standing,7,0,0,0
1000640,smooth_slope,1,0,210000,low_speed,0,0.25,0,0
1000641,smooth_slope,1,0,210000,low_speed,1,-0.25,0,0
1000642,smooth_slope,1,0,210000,low_speed,2,0,0.25,0.25
1000643,smooth_slope,1,0,210000,low_speed,3,0,-0.25,-0.25
1000644,smooth_slope,1,1,210000,low_speed,4,0.25,0,0
1000645,smooth_slope,1,1,210000,low_speed,5,-0.25,0,0
1000646,smooth_slope,1,1,210000,low_speed,6,0,0.25,0.25
1000647,smooth_slope,1,1,210000,low_speed,7,0,-0.25,-0.25
1000704,smooth_slope,1,0,210000,normal_motion,0,0.75,0,0
1000705,smooth_slope,1,0,210000,normal_motion,1,-0.75,0,0
1000706,smooth_slope,1,0,210000,normal_motion,2,0,0.75,0.5
1000707,smooth_slope,1,0,210000,normal_motion,3,0,-0.75,-0.5
1000708,smooth_slope,1,1,210000,normal_motion,4,0.75,0,0
1000709,smooth_slope,1,1,210000,normal_motion,5,-0.75,0,0
1000710,smooth_slope,1,1,210000,normal_motion,6,0,0.75,0.5
1000711,smooth_slope,1,1,210000,normal_motion,7,0,-0.75,-0.5
1000768,smooth_slope,1,0,210001,standing,0,0,0,0
1000769,smooth_slope,1,1,210001,standing,1,0,0,0
1000770,smooth_slope,1,0,210001,standing,2,0,0,0
1000771,smooth_slope,1,1,210001,standing,3,0,0,0
1000772,smooth_slope,1,0,210001,standing,4,0,0,0
1000773,smooth_slope,1,1,210001,standing,5,0,0,0
1000774,smooth_slope,1,0,210001,standing,6,0,0,0
1000775,smooth_slope,1,1,210001,standing,7,0,0,0
1000832,smooth_slope,1,0,210001,low_speed,0,0.25,0,0
1000833,smooth_slope,1,0,210001,low_speed,1,-0.25,0,0
1000834,smooth_slope,1,0,210001,low_speed,2,0,0.25,0.25
1000835,smooth_slope,1,0,210001,low_speed,3,0,-0.25,-0.25
1000836,smooth_slope,1,1,210001,low_speed,4,0.25,0,0
1000837,smooth_slope,1,1,210001,low_speed,5,-0.25,0,0
1000838,smooth_slope,1,1,210001,low_speed,6,0,0.25,0.25
1000839,smooth_slope,1,1,210001,low_speed,7,0,-0.25,-0.25
1000896,smooth_slope,1,0,210001,normal_motion,0,0.75,0,0
1000897,smooth_slope,1,0,210001,normal_motion,1,-0.75,0,0
1000898,smooth_slope,1,0,210001,normal_motion,2,0,0.75,0.5
1000899,smooth_slope,1,0,210001,normal_motion,3,0,-0.75,-0.5
1000900,smooth_slope,1,1,210001,normal_motion,4,0.75,0,0
1000901,smooth_slope,1,1,210001,normal_motion,5,-0.75,0,0
1000902,smooth_slope,1,1,210001,normal_motion,6,0,0.75,0.5
1000903,smooth_slope,1,1,210001,normal_motion,7,0,-0.75,-0.5
1000960,smooth_slope,1,0,210002,standing,0,0,0,0
1000961,smooth_slope,1,1,210002,standing,1,0,0,0
1000962,smooth_slope,1,0,210002,standing,2,0,0,0
1000963,smooth_slope,1,1,210002,standing,3,0,0,0
1000964,smooth_slope,1,0,210002,standing,4,0,0,0
1000965,smooth_slope,1,1,210002,standing,5,0,0,0
1000966,smooth_slope,1,0,210002,standing,6,0,0,0
1000967,smooth_slope,1,1,210002,standing,7,0,0,0
1001024,smooth_slope,1,0,210002,low_speed,0,0.25,0,0
1001025,smooth_slope,1,0,210002,low_speed,1,-0.25,0,0
1001026,smooth_slope,1,0,210002,low_speed,2,0,0.25,0.25
1001027,smooth_slope,1,0,210002,low_speed,3,0,-0.25,-0.25
1001028,smooth_slope,1,1,210002,low_speed,4,0.25,0,0
1001029,smooth_slope,1,1,210002,low_speed,5,-0.25,0,0
1001030,smooth_slope,1,1,210002,low_speed,6,0,0.25,0.25
1001031,smooth_slope,1,1,210002,low_speed,7,0,-0.25,-0.25
1001088,smooth_slope,1,0,210002,normal_motion,0,0.75,0,0
1001089,smooth_slope,1,0,210002,normal_motion,1,-0.75,0,0
1001090,smooth_slope,1,0,210002,normal_motion,2,0,0.75,0.5
1001091,smooth_slope,1,0,210002,normal_motion,3,0,-0.75,-0.5
1001092,smooth_slope,1,1,210002,normal_motion,4,0.75,0,0
1001093,smooth_slope,1,1,210002,normal_motion,5,-0.75,0,0
1001094,smooth_slope,1,1,210002,normal_motion,6,0,0.75,0.5
1001095,smooth_slope,1,1,210002,normal_motion,7,0,-0.75,-0.5
1001152,smooth_slope,2,0,210000,standing,0,0,0,0
1001153,smooth_slope,2,1,210000,standing,1,0,0,0
1001154,smooth_slope,2,0,210000,standing,2,0,0,0
1001155,smooth_slope,2,1,210000,standing,3,0,0,0
1001156,smooth_slope,2,0,210000,standing,4,0,0,0
1001157,smooth_slope,2,1,210000,standing,5,0,0,0
1001158,smooth_slope,2,0,210000,standing,6,0,0,0
1001159,smooth_slope,2,1,210000,standing,7,0,0,0
1001216,smooth_slope,2,0,210000,low_speed,0,0.25,0,0
1001217,smooth_slope,2,0,210000,low_speed,1,-0.25,0,0
1001218,smooth_slope,2,0,210000,low_speed,2,0,0.25,0.25
1001219,smooth_slope,2,0,210000,low_speed,3,0,-0.25,-0.25
1001220,smooth_slope,2,1,210000,low_speed,4,0.25,0,0
1001221,smooth_slope,2,1,210000,low_speed,5,-0.25,0,0
1001222,smooth_slope,2,1,210000,low_speed,6,0,0.25,0.25
1001223,smooth_slope,2,1,210000,low_speed,7,0,-0.25,-0.25
1001280,smooth_slope,2,0,210000,normal_motion,0,0.75,0,0
1001281,smooth_slope,2,0,210000,normal_motion,1,-0.75,0,0
1001282,smooth_slope,2,0,210000,normal_motion,2,0,0.75,0.5
1001283,smooth_slope,2,0,210000,normal_motion,3,0,-0.75,-0.5
1001284,smooth_slope,2,1,210000,normal_motion,4,0.75,0,0
1001285,smooth_slope,2,1,210000,normal_motion,5,-0.75,0,0
1001286,smooth_slope,2,1,210000,normal_motion,6,0,0.75,0.5
1001287,smooth_slope,2,1,210000,normal_motion,7,0,-0.75,-0.5
1001344,smooth_slope,2,0,210001,standing,0,0,0,0
1001345,smooth_slope,2,1,210001,standing,1,0,0,0
1001346,smooth_slope,2,0,210001,standing,2,0,0,0
1001347,smooth_slope,2,1,210001,standing,3,0,0,0
1001348,smooth_slope,2,0,210001,standing,4,0,0,0
1001349,smooth_slope,2,1,210001,standing,5,0,0,0
1001350,smooth_slope,2,0,210001,standing,6,0,0,0
1001351,smooth_slope,2,1,210001,standing,7,0,0,0
1001408,smooth_slope,2,0,210001,low_speed,0,0.25,0,0
1001409,smooth_slope,2,0,210001,low_speed,1,-0.25,0,0
1001410,smooth_slope,2,0,210001,low_speed,2,0,0.25,0.25
1001411,smooth_slope,2,0,210001,low_speed,3,0,-0.25,-0.25
1001412,smooth_slope,2,1,210001,low_speed,4,0.25,0,0
1001413,smooth_slope,2,1,210001,low_speed,5,-0.25,0,0
1001414,smooth_slope,2,1,210001,low_speed,6,0,0.25,0.25
1001415,smooth_slope,2,1,210001,low_speed,7,0,-0.25,-0.25
1001472,smooth_slope,2,0,210001,normal_motion,0,0.75,0,0
1001473,smooth_slope,2,0,210001,normal_motion,1,-0.75,0,0
1001474,smooth_slope,2,0,210001,normal_motion,2,0,0.75,0.5
1001475,smooth_slope,2,0,210001,normal_motion,3,0,-0.75,-0.5
1001476,smooth_slope,2,1,210001,normal_motion,4,0.75,0,0
1001477,smooth_slope,2,1,210001,normal_motion,5,-0.75,0,0
1001478,smooth_slope,2,1,210001,normal_motion,6,0,0.75,0.5
1001479,smooth_slope,2,1,210001,normal_motion,7,0,-0.75,-0.5
1001536,smooth_slope,2,0,210002,standing,0,0,0,0
1001537,smooth_slope,2,1,210002,standing,1,0,0,0
1001538,smooth_slope,2,0,210002,standing,2,0,0,0
1001539,smooth_slope,2,1,210002,standing,3,0,0,0
1001540,smooth_slope,2,0,210002,standing,4,0,0,0
1001541,smooth_slope,2,1,210002,standing,5,0,0,0
1001542,smooth_slope,2,0,210002,standing,6,0,0,0
1001543,smooth_slope,2,1,210002,standing,7,0,0,0
1001600,smooth_slope,2,0,210002,low_speed,0,0.25,0,0
1001601,smooth_slope,2,0,210002,low_speed,1,-0.25,0,0
1001602,smooth_slope,2,0,210002,low_speed,2,0,0.25,0.25
1001603,smooth_slope,2,0,210002,low_speed,3,0,-0.25,-0.25
1001604,smooth_slope,2,1,210002,low_speed,4,0.25,0,0
1001605,smooth_slope,2,1,210002,low_speed,5,-0.25,0,0
1001606,smooth_slope,2,1,210002,low_speed,6,0,0.25,0.25
1001607,smooth_slope,2,1,210002,low_speed,7,0,-0.25,-0.25
1001664,smooth_slope,2,0,210002,normal_motion,0,0.75,0,0
1001665,smooth_slope,2,0,210002,normal_motion,1,-0.75,0,0
1001666,smooth_slope,2,0,210002,normal_motion,2,0,0.75,0.5
1001667,smooth_slope,2,0,210002,normal_motion,3,0,-0.75,-0.5
1001668,smooth_slope,2,1,210002,normal_motion,4,0.75,0,0
1001669,smooth_slope,2,1,210002,normal_motion,5,-0.75,0,0
1001670,smooth_slope,2,1,210002,normal_motion,6,0,0.75,0.5
1001671,smooth_slope,2,1,210002,normal_motion,7,0,-0.75,-0.5
1001728,smooth_slope,3,0,210000,standing,0,0,0,0
1001729,smooth_slope,3,1,210000,standing,1,0,0,0
1001730,smooth_slope,3,0,210000,standing,2,0,0,0
1001731,smooth_slope,3,1,210000,standing,3,0,0,0
1001732,smooth_slope,3,0,210000,standing,4,0,0,0
1001733,smooth_slope,3,1,210000,standing,5,0,0,0
1001734,smooth_slope,3,0,210000,standing,6,0,0,0
1001735,smooth_slope,3,1,210000,standing,7,0,0,0
1001792,smooth_slope,3,0,210000,low_speed,0,0.25,0,0
1001793,smooth_slope,3,0,210000,low_speed,1,-0.25,0,0
1001794,smooth_slope,3,0,210000,low_speed,2,0,0.25,0.25
1001795,smooth_slope,3,0,210000,low_speed,3,0,-0.25,-0.25
1001796,smooth_slope,3,1,210000,low_speed,4,0.25,0,0
1001797,smooth_slope,3,1,210000,low_speed,5,-0.25,0,0
1001798,smooth_slope,3,1,210000,low_speed,6,0,0.25,0.25
1001799,smooth_slope,3,1,210000,low_speed,7,0,-0.25,-0.25
1001856,smooth_slope,3,0,210000,normal_motion,0,0.75,0,0
1001857,smooth_slope,3,0,210000,normal_motion,1,-0.75,0,0
1001858,smooth_slope,3,0,210000,normal_motion,2,0,0.75,0.5
1001859,smooth_slope,3,0,210000,normal_motion,3,0,-0.75,-0.5
1001860,smooth_slope,3,1,210000,normal_motion,4,0.75,0,0
1001861,smooth_slope,3,1,210000,normal_motion,5,-0.75,0,0
1001862,smooth_slope,3,1,210000,normal_motion,6,0,0.75,0.5
1001863,smooth_slope,3,1,210000,normal_motion,7,0,-0.75,-0.5
1001920,smooth_slope,3,0,210001,standing,0,0,0,0
1001921,smooth_slope,3,1,210001,standing,1,0,0,0
1001922,smooth_slope,3,0,210001,standing,2,0,0,0
1001923,smooth_slope,3,1,210001,standing,3,0,0,0
1001924,smooth_slope,3,0,210001,standing,4,0,0,0
1001925,smooth_slope,3,1,210001,standing,5,0,0,0
1001926,smooth_slope,3,0,210001,standing,6,0,0,0
1001927,smooth_slope,3,1,210001,standing,7,0,0,0
1001984,smooth_slope,3,0,210001,low_speed,0,0.25,0,0
1001985,smooth_slope,3,0,210001,low_speed,1,-0.25,0,0
1001986,smooth_slope,3,0,210001,low_speed,2,0,0.25,0.25
1001987,smooth_slope,3,0,210001,low_speed,3,0,-0.25,-0.25
1001988,smooth_slope,3,1,210001,low_speed,4,0.25,0,0
1001989,smooth_slope,3,1,210001,low_speed,5,-0.25,0,0
1001990,smooth_slope,3,1,210001,low_speed,6,0,0.25,0.25
1001991,smooth_slope,3,1,210001,low_speed,7,0,-0.25,-0.25
1002048,smooth_slope,3,0,210001,normal_motion,0,0.75,0,0
1002049,smooth_slope,3,0,210001,normal_motion,1,-0.75,0,0
1002050,smooth_slope,3,0,210001,normal_motion,2,0,0.75,0.5
1002051,smooth_slope,3,0,210001,normal_motion,3,0,-0.75,-0.5
1002052,smooth_slope,3,1,210001,normal_motion,4,0.75,0,0
1002053,smooth_slope,3,1,210001,normal_motion,5,-0.75,0,0
1002054,smooth_slope,3,1,210001,normal_motion,6,0,0.75,0.5
1002055,smooth_slope,3,1,210001,normal_motion,7,0,-0.75,-0.5
1002112,smooth_slope,3,0,210002,standing,0,0,0,0
1002113,smooth_slope,3,1,210002,standing,1,0,0,0
1002114,smooth_slope,3,0,210002,standing,2,0,0,0
1002115,smooth_slope,3,1,210002,standing,3,0,0,0
1002116,smooth_slope,3,0,210002,standing,4,0,0,0
1002117,smooth_slope,3,1,210002,standing,5,0,0,0
1002118,smooth_slope,3,0,210002,standing,6,0,0,0
1002119,smooth_slope,3,1,210002,standing,7,0,0,0
1002176,smooth_slope,3,0,210002,low_speed,0,0.25,0,0
1002177,smooth_slope,3,0,210002,low_speed,1,-0.25,0,0
1002178,smooth_slope,3,0,210002,low_speed,2,0,0.25,0.25
1002179,smooth_slope,3,0,210002,low_speed,3,0,-0.25,-0.25
1002180,smooth_slope,3,1,210002,low_speed,4,0.25,0,0
1002181,smooth_slope,3,1,210002,low_speed,5,-0.25,0,0
1002182,smooth_slope,3,1,210002,low_speed,6,0,0.25,0.25
1002183,smooth_slope,3,1,210002,low_speed,7,0,-0.25,-0.25
1002240,smooth_slope,3,0,210002,normal_motion,0,0.75,0,0
1002241,smooth_slope,3,0,210002,normal_motion,1,-0.75,0,0
1002242,smooth_slope,3,0,210002,normal_motion,2,0,0.75,0.5
1002243,smooth_slope,3,0,210002,normal_motion,3,0,-0.75,-0.5
1002244,smooth_slope,3,1,210002,normal_motion,4,0.75,0,0
1002245,smooth_slope,3,1,210002,normal_motion,5,-0.75,0,0
1002246,smooth_slope,3,1,210002,normal_motion,6,0,0.75,0.5
1002247,smooth_slope,3,1,210002,normal_motion,7,0,-0.75,-0.5
1002304,smooth_slope,4,0,210000,standing,0,0,0,0
1002305,smooth_slope,4,1,210000,standing,1,0,0,0
1002306,smooth_slope,4,0,210000,standing,2,0,0,0
1002307,smooth_slope,4,1,210000,standing,3,0,0,0
1002308,smooth_slope,4,0,210000,standing,4,0,0,0
1002309,smooth_slope,4,1,210000,standing,5,0,0,0
1002310,smooth_slope,4,0,210000,standing,6,0,0,0
1002311,smooth_slope,4,1,210000,standing,7,0,0,0
1002368,smooth_slope,4,0,210000,low_speed,0,0.25,0,0
1002369,smooth_slope,4,0,210000,low_speed,1,-0.25,0,0
1002370,smooth_slope,4,0,210000,low_speed,2,0,0.25,0.25
1002371,smooth_slope,4,0,210000,low_speed,3,0,-0.25,-0.25
1002372,smooth_slope,4,1,210000,low_speed,4,0.25,0,0
1002373,smooth_slope,4,1,210000,low_speed,5,-0.25,0,0
1002374,smooth_slope,4,1,210000,low_speed,6,0,0.25,0.25
1002375,smooth_slope,4,1,210000,low_speed,7,0,-0.25,-0.25
1002432,smooth_slope,4,0,210000,normal_motion,0,0.75,0,0
1002433,smooth_slope,4,0,210000,normal_motion,1,-0.75,0,0
1002434,smooth_slope,4,0,210000,normal_motion,2,0,0.75,0.5
1002435,smooth_slope,4,0,210000,normal_motion,3,0,-0.75,-0.5
1002436,smooth_slope,4,1,210000,normal_motion,4,0.75,0,0
1002437,smooth_slope,4,1,210000,normal_motion,5,-0.75,0,0
1002438,smooth_slope,4,1,210000,normal_motion,6,0,0.75,0.5
1002439,smooth_slope,4,1,210000,normal_motion,7,0,-0.75,-0.5
1002496,smooth_slope,4,0,210001,standing,0,0,0,0
1002497,smooth_slope,4,1,210001,standing,1,0,0,0
1002498,smooth_slope,4,0,210001,standing,2,0,0,0
1002499,smooth_slope,4,1,210001,standing,3,0,0,0
1002500,smooth_slope,4,0,210001,standing,4,0,0,0
1002501,smooth_slope,4,1,210001,standing,5,0,0,0
1002502,smooth_slope,4,0,210001,standing,6,0,0,0
1002503,smooth_slope,4,1,210001,standing,7,0,0,0
1002560,smooth_slope,4,0,210001,low_speed,0,0.25,0,0
1002561,smooth_slope,4,0,210001,low_speed,1,-0.25,0,0
1002562,smooth_slope,4,0,210001,low_speed,2,0,0.25,0.25
1002563,smooth_slope,4,0,210001,low_speed,3,0,-0.25,-0.25
1002564,smooth_slope,4,1,210001,low_speed,4,0.25,0,0
1002565,smooth_slope,4,1,210001,low_speed,5,-0.25,0,0
1002566,smooth_slope,4,1,210001,low_speed,6,0,0.25,0.25
1002567,smooth_slope,4,1,210001,low_speed,7,0,-0.25,-0.25
1002624,smooth_slope,4,0,210001,normal_motion,0,0.75,0,0
1002625,smooth_slope,4,0,210001,normal_motion,1,-0.75,0,0
1002626,smooth_slope,4,0,210001,normal_motion,2,0,0.75,0.5
1002627,smooth_slope,4,0,210001,normal_motion,3,0,-0.75,-0.5
1002628,smooth_slope,4,1,210001,normal_motion,4,0.75,0,0
1002629,smooth_slope,4,1,210001,normal_motion,5,-0.75,0,0
1002630,smooth_slope,4,1,210001,normal_motion,6,0,0.75,0.5
1002631,smooth_slope,4,1,210001,normal_motion,7,0,-0.75,-0.5
1002688,smooth_slope,4,0,210002,standing,0,0,0,0
1002689,smooth_slope,4,1,210002,standing,1,0,0,0
1002690,smooth_slope,4,0,210002,standing,2,0,0,0
1002691,smooth_slope,4,1,210002,standing,3,0,0,0
1002692,smooth_slope,4,0,210002,standing,4,0,0,0
1002693,smooth_slope,4,1,210002,standing,5,0,0,0
1002694,smooth_slope,4,0,210002,standing,6,0,0,0
1002695,smooth_slope,4,1,210002,standing,7,0,0,0
1002752,smooth_slope,4,0,210002,low_speed,0,0.25,0,0
1002753,smooth_slope,4,0,210002,low_speed,1,-0.25,0,0
1002754,smooth_slope,4,0,210002,low_speed,2,0,0.25,0.25
1002755,smooth_slope,4,0,210002,low_speed,3,0,-0.25,-0.25
1002756,smooth_slope,4,1,210002,low_speed,4,0.25,0,0
1002757,smooth_slope,4,1,210002,low_speed,5,-0.25,0,0
1002758,smooth_slope,4,1,210002,low_speed,6,0,0.25,0.25
1002759,smooth_slope,4,1,210002,low_speed,7,0,-0.25,-0.25
1002816,smooth_slope,4,0,210002,normal_motion,0,0.75,0,0
1002817,smooth_slope,4,0,210002,normal_motion,1,-0.75,0,0
1002818,smooth_slope,4,0,210002,normal_motion,2,0,0.75,0.5
1002819,smooth_slope,4,0,210002,normal_motion,3,0,-0.75,-0.5
1002820,smooth_slope,4,1,210002,normal_motion,4,0.75,0,0
1002821,smooth_slope,4,1,210002,normal_motion,5,-0.75,0,0
1002822,smooth_slope,4,1,210002,normal_motion,6,0,0.75,0.5
1002823,smooth_slope,4,1,210002,normal_motion,7,0,-0.75,-0.5
1002880,smooth_slope,5,0,210000,standing,0,0,0,0
1002881,smooth_slope,5,1,210000,standing,1,0,0,0
1002882,smooth_slope,5,0,210000,standing,2,0,0,0
1002883,smooth_slope,5,1,210000,standing,3,0,0,0
1002884,smooth_slope,5,0,210000,standing,4,0,0,0
1002885,smooth_slope,5,1,210000,standing,5,0,0,0
1002886,smooth_slope,5,0,210000,standing,6,0,0,0
1002887,smooth_slope,5,1,210000,standing,7,0,0,0
1002944,smooth_slope,5,0,210000,low_speed,0,0.25,0,0
1002945,smooth_slope,5,0,210000,low_speed,1,-0.25,0,0
1002946,smooth_slope,5,0,210000,low_speed,2,0,0.25,0.25
1002947,smooth_slope,5,0,210000,low_speed,3,0,-0.25,-0.25
1002948,smooth_slope,5,1,210000,low_speed,4,0.25,0,0
1002949,smooth_slope,5,1,210000,low_speed,5,-0.25,0,0
1002950,smooth_slope,5,1,210000,low_speed,6,0,0.25,0.25
1002951,smooth_slope,5,1,210000,low_speed,7,0,-0.25,-0.25
1003008,smooth_slope,5,0,210000,normal_motion,0,0.75,0,0
1003009,smooth_slope,5,0,210000,normal_motion,1,-0.75,0,0
1003010,smooth_slope,5,0,210000,normal_motion,2,0,0.75,0.5
1003011,smooth_slope,5,0,210000,normal_motion,3,0,-0.75,-0.5
1003012,smooth_slope,5,1,210000,normal_motion,4,0.75,0,0
1003013,smooth_slope,5,1,210000,normal_motion,5,-0.75,0,0
1003014,smooth_slope,5,1,210000,normal_motion,6,0,0.75,0.5
1003015,smooth_slope,5,1,210000,normal_motion,7,0,-0.75,-0.5
1003072,smooth_slope,5,0,210001,standing,0,0,0,0
1003073,smooth_slope,5,1,210001,standing,1,0,0,0
1003074,smooth_slope,5,0,210001,standing,2,0,0,0
1003075,smooth_slope,5,1,210001,standing,3,0,0,0
1003076,smooth_slope,5,0,210001,standing,4,0,0,0
1003077,smooth_slope,5,1,210001,standing,5,0,0,0
1003078,smooth_slope,5,0,210001,standing,6,0,0,0
1003079,smooth_slope,5,1,210001,standing,7,0,0,0
1003136,smooth_slope,5,0,210001,low_speed,0,0.25,0,0
1003137,smooth_slope,5,0,210001,low_speed,1,-0.25,0,0
1003138,smooth_slope,5,0,210001,low_speed,2,0,0.25,0.25
1003139,smooth_slope,5,0,210001,low_speed,3,0,-0.25,-0.25
1003140,smooth_slope,5,1,210001,low_speed,4,0.25,0,0
1003141,smooth_slope,5,1,210001,low_speed,5,-0.25,0,0
1003142,smooth_slope,5,1,210001,low_speed,6,0,0.25,0.25
1003143,smooth_slope,5,1,210001,low_speed,7,0,-0.25,-0.25
1003200,smooth_slope,5,0,210001,normal_motion,0,0.75,0,0
1003201,smooth_slope,5,0,210001,normal_motion,1,-0.75,0,0
1003202,smooth_slope,5,0,210001,normal_motion,2,0,0.75,0.5
1003203,smooth_slope,5,0,210001,normal_motion,3,0,-0.75,-0.5
1003204,smooth_slope,5,1,210001,normal_motion,4,0.75,0,0
1003205,smooth_slope,5,1,210001,normal_motion,5,-0.75,0,0
1003206,smooth_slope,5,1,210001,normal_motion,6,0,0.75,0.5
1003207,smooth_slope,5,1,210001,normal_motion,7,0,-0.75,-0.5
1003264,smooth_slope,5,0,210002,standing,0,0,0,0
1003265,smooth_slope,5,1,210002,standing,1,0,0,0
1003266,smooth_slope,5,0,210002,standing,2,0,0,0
1003267,smooth_slope,5,1,210002,standing,3,0,0,0
1003268,smooth_slope,5,0,210002,standing,4,0,0,0
1003269,smooth_slope,5,1,210002,standing,5,0,0,0
1003270,smooth_slope,5,0,210002,standing,6,0,0,0
1003271,smooth_slope,5,1,210002,standing,7,0,0,0
1003328,smooth_slope,5,0,210002,low_speed,0,0.25,0,0
1003329,smooth_slope,5,0,210002,low_speed,1,-0.25,0,0
1003330,smooth_slope,5,0,210002,low_speed,2,0,0.25,0.25
1003331,smooth_slope,5,0,210002,low_speed,3,0,-0.25,-0.25
1003332,smooth_slope,5,1,210002,low_speed,4,0.25,0,0
1003333,smooth_slope,5,1,210002,low_speed,5,-0.25,0,0
1003334,smooth_slope,5,1,210002,low_speed,6,0,0.25,0.25
1003335,smooth_slope,5,1,210002,low_speed,7,0,-0.25,-0.25
1003392,smooth_slope,5,0,210002,normal_motion,0,0.75,0,0
1003393,smooth_slope,5,0,210002,normal_motion,1,-0.75,0,0
1003394,smooth_slope,5,0,210002,normal_motion,2,0,0.75,0.5
1003395,smooth_slope,5,0,210002,normal_motion,3,0,-0.75,-0.5
1003396,smooth_slope,5,1,210002,normal_motion,4,0.75,0,0
1003397,smooth_slope,5,1,210002,normal_motion,5,-0.75,0,0
1003398,smooth_slope,5,1,210002,normal_motion,6,0,0.75,0.5
1003399,smooth_slope,5,1,210002,normal_motion,7,0,-0.75,-0.5
1003456,smooth_slope,6,0,210000,standing,0,0,0,0
1003457,smooth_slope,6,1,210000,standing,1,0,0,0
1003458,smooth_slope,6,0,210000,standing,2,0,0,0
1003459,smooth_slope,6,1,210000,standing,3,0,0,0
1003460,smooth_slope,6,0,210000,standing,4,0,0,0
1003461,smooth_slope,6,1,210000,standing,5,0,0,0
1003462,smooth_slope,6,0,210000,standing,6,0,0,0
1003463,smooth_slope,6,1,210000,standing,7,0,0,0
1003520,smooth_slope,6,0,210000,low_speed,0,0.25,0,0
1003521,smooth_slope,6,0,210000,low_speed,1,-0.25,0,0
1003522,smooth_slope,6,0,210000,low_speed,2,0,0.25,0.25
1003523,smooth_slope,6,0,210000,low_speed,3,0,-0.25,-0.25
1003524,smooth_slope,6,1,210000,low_speed,4,0.25,0,0
1003525,smooth_slope,6,1,210000,low_speed,5,-0.25,0,0
1003526,smooth_slope,6,1,210000,low_speed,6,0,0.25,0.25
1003527,smooth_slope,6,1,210000,low_speed,7,0,-0.25,-0.25
1003584,smooth_slope,6,0,210000,normal_motion,0,0.75,0,0
1003585,smooth_slope,6,0,210000,normal_motion,1,-0.75,0,0
1003586,smooth_slope,6,0,210000,normal_motion,2,0,0.75,0.5
1003587,smooth_slope,6,0,210000,normal_motion,3,0,-0.75,-0.5
1003588,smooth_slope,6,1,210000,normal_motion,4,0.75,0,0
1003589,smooth_slope,6,1,210000,normal_motion,5,-0.75,0,0
1003590,smooth_slope,6,1,210000,normal_motion,6,0,0.75,0.5
1003591,smooth_slope,6,1,210000,normal_motion,7,0,-0.75,-0.5
1003648,smooth_slope,6,0,210001,standing,0,0,0,0
1003649,smooth_slope,6,1,210001,standing,1,0,0,0
1003650,smooth_slope,6,0,210001,standing,2,0,0,0
1003651,smooth_slope,6,1,210001,standing,3,0,0,0
1003652,smooth_slope,6,0,210001,standing,4,0,0,0
1003653,smooth_slope,6,1,210001,standing,5,0,0,0
1003654,smooth_slope,6,0,210001,standing,6,0,0,0
1003655,smooth_slope,6,1,210001,standing,7,0,0,0
1003712,smooth_slope,6,0,210001,low_speed,0,0.25,0,0
1003713,smooth_slope,6,0,210001,low_speed,1,-0.25,0,0
1003714,smooth_slope,6,0,210001,low_speed,2,0,0.25,0.25
1003715,smooth_slope,6,0,210001,low_speed,3,0,-0.25,-0.25
1003716,smooth_slope,6,1,210001,low_speed,4,0.25,0,0
1003717,smooth_slope,6,1,210001,low_speed,5,-0.25,0,0
1003718,smooth_slope,6,1,210001,low_speed,6,0,0.25,0.25
1003719,smooth_slope,6,1,210001,low_speed,7,0,-0.25,-0.25
1003776,smooth_slope,6,0,210001,normal_motion,0,0.75,0,0
1003777,smooth_slope,6,0,210001,normal_motion,1,-0.75,0,0
1003778,smooth_slope,6,0,210001,normal_motion,2,0,0.75,0.5
1003779,smooth_slope,6,0,210001,normal_motion,3,0,-0.75,-0.5
1003780,smooth_slope,6,1,210001,normal_motion,4,0.75,0,0
1003781,smooth_slope,6,1,210001,normal_motion,5,-0.75,0,0
1003782,smooth_slope,6,1,210001,normal_motion,6,0,0.75,0.5
1003783,smooth_slope,6,1,210001,normal_motion,7,0,-0.75,-0.5
1003840,smooth_slope,6,0,210002,standing,0,0,0,0
1003841,smooth_slope,6,1,210002,standing,1,0,0,0
1003842,smooth_slope,6,0,210002,standing,2,0,0,0
1003843,smooth_slope,6,1,210002,standing,3,0,0,0
1003844,smooth_slope,6,0,210002,standing,4,0,0,0
1003845,smooth_slope,6,1,210002,standing,5,0,0,0
1003846,smooth_slope,6,0,210002,standing,6,0,0,0
1003847,smooth_slope,6,1,210002,standing,7,0,0,0
1003904,smooth_slope,6,0,210002,low_speed,0,0.25,0,0
1003905,smooth_slope,6,0,210002,low_speed,1,-0.25,0,0
1003906,smooth_slope,6,0,210002,low_speed,2,0,0.25,0.25
1003907,smooth_slope,6,0,210002,low_speed,3,0,-0.25,-0.25
1003908,smooth_slope,6,1,210002,low_speed,4,0.25,0,0
1003909,smooth_slope,6,1,210002,low_speed,5,-0.25,0,0
1003910,smooth_slope,6,1,210002,low_speed,6,0,0.25,0.25
1003911,smooth_slope,6,1,210002,low_speed,7,0,-0.25,-0.25
1003968,smooth_slope,6,0,210002,normal_motion,0,0.75,0,0
1003969,smooth_slope,6,0,210002,normal_motion,1,-0.75,0,0
1003970,smooth_slope,6,0,210002,normal_motion,2,0,0.75,0.5
1003971,smooth_slope,6,0,210002,normal_motion,3,0,-0.75,-0.5
1003972,smooth_slope,6,1,210002,normal_motion,4,0.75,0,0
1003973,smooth_slope,6,1,210002,normal_motion,5,-0.75,0,0
1003974,smooth_slope,6,1,210002,normal_motion,6,0,0.75,0.5
1003975,smooth_slope,6,1,210002,normal_motion,7,0,-0.75,-0.5
1004032,smooth_slope,7,0,210000,standing,0,0,0,0
1004033,smooth_slope,7,1,210000,standing,1,0,0,0
1004034,smooth_slope,7,0,210000,standing,2,0,0,0
1004035,smooth_slope,7,1,210000,standing,3,0,0,0
1004036,smooth_slope,7,0,210000,standing,4,0,0,0
1004037,smooth_slope,7,1,210000,standing,5,0,0,0
1004038,smooth_slope,7,0,210000,standing,6,0,0,0
1004039,smooth_slope,7,1,210000,standing,7,0,0,0
1004096,smooth_slope,7,0,210000,low_speed,0,0.25,0,0
1004097,smooth_slope,7,0,210000,low_speed,1,-0.25,0,0
1004098,smooth_slope,7,0,210000,low_speed,2,0,0.25,0.25
1004099,smooth_slope,7,0,210000,low_speed,3,0,-0.25,-0.25
1004100,smooth_slope,7,1,210000,low_speed,4,0.25,0,0
1004101,smooth_slope,7,1,210000,low_speed,5,-0.25,0,0
1004102,smooth_slope,7,1,210000,low_speed,6,0,0.25,0.25
1004103,smooth_slope,7,1,210000,low_speed,7,0,-0.25,-0.25
1004160,smooth_slope,7,0,210000,normal_motion,0,0.75,0,0
1004161,smooth_slope,7,0,210000,normal_motion,1,-0.75,0,0
1004162,smooth_slope,7,0,210000,normal_motion,2,0,0.75,0.5
1004163,smooth_slope,7,0,210000,normal_motion,3,0,-0.75,-0.5
1004164,smooth_slope,7,1,210000,normal_motion,4,0.75,0,0
1004165,smooth_slope,7,1,210000,normal_motion,5,-0.75,0,0
1004166,smooth_slope,7,1,210000,normal_motion,6,0,0.75,0.5
1004167,smooth_slope,7,1,210000,normal_motion,7,0,-0.75,-0.5
1004224,smooth_slope,7,0,210001,standing,0,0,0,0
1004225,smooth_slope,7,1,210001,standing,1,0,0,0
1004226,smooth_slope,7,0,210001,standing,2,0,0,0
1004227,smooth_slope,7,1,210001,standing,3,0,0,0
1004228,smooth_slope,7,0,210001,standing,4,0,0,0
1004229,smooth_slope,7,1,210001,standing,5,0,0,0
1004230,smooth_slope,7,0,210001,standing,6,0,0,0
1004231,smooth_slope,7,1,210001,standing,7,0,0,0
1004288,smooth_slope,7,0,210001,low_speed,0,0.25,0,0
1004289,smooth_slope,7,0,210001,low_speed,1,-0.25,0,0
1004290,smooth_slope,7,0,210001,low_speed,2,0,0.25,0.25
1004291,smooth_slope,7,0,210001,low_speed,3,0,-0.25,-0.25
1004292,smooth_slope,7,1,210001,low_speed,4,0.25,0,0
1004293,smooth_slope,7,1,210001,low_speed,5,-0.25,0,0
1004294,smooth_slope,7,1,210001,low_speed,6,0,0.25,0.25
1004295,smooth_slope,7,1,210001,low_speed,7,0,-0.25,-0.25
1004352,smooth_slope,7,0,210001,normal_motion,0,0.75,0,0
1004353,smooth_slope,7,0,210001,normal_motion,1,-0.75,0,0
1004354,smooth_slope,7,0,210001,normal_motion,2,0,0.75,0.5
1004355,smooth_slope,7,0,210001,normal_motion,3,0,-0.75,-0.5
1004356,smooth_slope,7,1,210001,normal_motion,4,0.75,0,0
1004357,smooth_slope,7,1,210001,normal_motion,5,-0.75,0,0
1004358,smooth_slope,7,1,210001,normal_motion,6,0,0.75,0.5
1004359,smooth_slope,7,1,210001,normal_motion,7,0,-0.75,-0.5
1004416,smooth_slope,7,0,210002,standing,0,0,0,0
1004417,smooth_slope,7,1,210002,standing,1,0,0,0
1004418,smooth_slope,7,0,210002,standing,2,0,0,0
1004419,smooth_slope,7,1,210002,standing,3,0,0,0
1004420,smooth_slope,7,0,210002,standing,4,0,0,0
1004421,smooth_slope,7,1,210002,standing,5,0,0,0
1004422,smooth_slope,7,0,210002,standing,6,0,0,0
1004423,smooth_slope,7,1,210002,standing,7,0,0,0
1004480,smooth_slope,7,0,210002,low_speed,0,0.25,0,0
1004481,smooth_slope,7,0,210002,low_speed,1,-0.25,0,0
1004482,smooth_slope,7,0,210002,low_speed,2,0,0.25,0.25
1004483,smooth_slope,7,0,210002,low_speed,3,0,-0.25,-0.25
1004484,smooth_slope,7,1,210002,low_speed,4,0.25,0,0
1004485,smooth_slope,7,1,210002,low_speed,5,-0.25,0,0
1004486,smooth_slope,7,1,210002,low_speed,6,0,0.25,0.25
1004487,smooth_slope,7,1,210002,low_speed,7,0,-0.25,-0.25
1004544,smooth_slope,7,0,210002,normal_motion,0,0.75,0,0
1004545,smooth_slope,7,0,210002,normal_motion,1,-0.75,0,0
1004546,smooth_slope,7,0,210002,normal_motion,2,0,0.75,0.5
1004547,smooth_slope,7,0,210002,normal_motion,3,0,-0.75,-0.5
1004548,smooth_slope,7,1,210002,normal_motion,4,0.75,0,0
1004549,smooth_slope,7,1,210002,normal_motion,5,-0.75,0,0
1004550,smooth_slope,7,1,210002,normal_motion,6,0,0.75,0.5
1004551,smooth_slope,7,1,210002,normal_motion,7,0,-0.75,-0.5
1004608,smooth_slope,8,0,210000,standing,0,0,0,0
1004609,smooth_slope,8,1,210000,standing,1,0,0,0
1004610,smooth_slope,8,0,210000,standing,2,0,0,0
1004611,smooth_slope,8,1,210000,standing,3,0,0,0
1004612,smooth_slope,8,0,210000,standing,4,0,0,0
1004613,smooth_slope,8,1,210000,standing,5,0,0,0
1004614,smooth_slope,8,0,210000,standing,6,0,0,0
1004615,smooth_slope,8,1,210000,standing,7,0,0,0
1004672,smooth_slope,8,0,210000,low_speed,0,0.25,0,0
1004673,smooth_slope,8,0,210000,low_speed,1,-0.25,0,0
1004674,smooth_slope,8,0,210000,low_speed,2,0,0.25,0.25
1004675,smooth_slope,8,0,210000,low_speed,3,0,-0.25,-0.25
1004676,smooth_slope,8,1,210000,low_speed,4,0.25,0,0
1004677,smooth_slope,8,1,210000,low_speed,5,-0.25,0,0
1004678,smooth_slope,8,1,210000,low_speed,6,0,0.25,0.25
1004679,smooth_slope,8,1,210000,low_speed,7,0,-0.25,-0.25
1004736,smooth_slope,8,0,210000,normal_motion,0,0.75,0,0
1004737,smooth_slope,8,0,210000,normal_motion,1,-0.75,0,0
1004738,smooth_slope,8,0,210000,normal_motion,2,0,0.75,0.5
1004739,smooth_slope,8,0,210000,normal_motion,3,0,-0.75,-0.5
1004740,smooth_slope,8,1,210000,normal_motion,4,0.75,0,0
1004741,smooth_slope,8,1,210000,normal_motion,5,-0.75,0,0
1004742,smooth_slope,8,1,210000,normal_motion,6,0,0.75,0.5
1004743,smooth_slope,8,1,210000,normal_motion,7,0,-0.75,-0.5
1004800,smooth_slope,8,0,210001,standing,0,0,0,0
1004801,smooth_slope,8,1,210001,standing,1,0,0,0
1004802,smooth_slope,8,0,210001,standing,2,0,0,0
1004803,smooth_slope,8,1,210001,standing,3,0,0,0
1004804,smooth_slope,8,0,210001,standing,4,0,0,0
1004805,smooth_slope,8,1,210001,standing,5,0,0,0
1004806,smooth_slope,8,0,210001,standing,6,0,0,0
1004807,smooth_slope,8,1,210001,standing,7,0,0,0
1004864,smooth_slope,8,0,210001,low_speed,0,0.25,0,0
1004865,smooth_slope,8,0,210001,low_speed,1,-0.25,0,0
1004866,smooth_slope,8,0,210001,low_speed,2,0,0.25,0.25
1004867,smooth_slope,8,0,210001,low_speed,3,0,-0.25,-0.25
1004868,smooth_slope,8,1,210001,low_speed,4,0.25,0,0
1004869,smooth_slope,8,1,210001,low_speed,5,-0.25,0,0
1004870,smooth_slope,8,1,210001,low_speed,6,0,0.25,0.25
1004871,smooth_slope,8,1,210001,low_speed,7,0,-0.25,-0.25
1004928,smooth_slope,8,0,210001,normal_motion,0,0.75,0,0
1004929,smooth_slope,8,0,210001,normal_motion,1,-0.75,0,0
1004930,smooth_slope,8,0,210001,normal_motion,2,0,0.75,0.5
1004931,smooth_slope,8,0,210001,normal_motion,3,0,-0.75,-0.5
1004932,smooth_slope,8,1,210001,normal_motion,4,0.75,0,0
1004933,smooth_slope,8,1,210001,normal_motion,5,-0.75,0,0
1004934,smooth_slope,8,1,210001,normal_motion,6,0,0.75,0.5
1004935,smooth_slope,8,1,210001,normal_motion,7,0,-0.75,-0.5
1004992,smooth_slope,8,0,210002,standing,0,0,0,0
1004993,smooth_slope,8,1,210002,standing,1,0,0,0
1004994,smooth_slope,8,0,210002,standing,2,0,0,0
1004995,smooth_slope,8,1,210002,standing,3,0,0,0
1004996,smooth_slope,8,0,210002,standing,4,0,0,0
1004997,smooth_slope,8,1,210002,standing,5,0,0,0
1004998,smooth_slope,8,0,210002,standing,6,0,0,0
1004999,smooth_slope,8,1,210002,standing,7,0,0,0
1005056,smooth_slope,8,0,210002,low_speed,0,0.25,0,0
1005057,smooth_slope,8,0,210002,low_speed,1,-0.25,0,0
1005058,smooth_slope,8,0,210002,low_speed,2,0,0.25,0.25
1005059,smooth_slope,8,0,210002,low_speed,3,0,-0.25,-0.25
1005060,smooth_slope,8,1,210002,low_speed,4,0.25,0,0
1005061,smooth_slope,8,1,210002,low_speed,5,-0.25,0,0
1005062,smooth_slope,8,1,210002,low_speed,6,0,0.25,0.25
1005063,smooth_slope,8,1,210002,low_speed,7,0,-0.25,-0.25
1005120,smooth_slope,8,0,210002,normal_motion,0,0.75,0,0
1005121,smooth_slope,8,0,210002,normal_motion,1,-0.75,0,0
1005122,smooth_slope,8,0,210002,normal_motion,2,0,0.75,0.5
1005123,smooth_slope,8,0,210002,normal_motion,3,0,-0.75,-0.5
1005124,smooth_slope,8,1,210002,normal_motion,4,0.75,0,0
1005125,smooth_slope,8,1,210002,normal_motion,5,-0.75,0,0
1005126,smooth_slope,8,1,210002,normal_motion,6,0,0.75,0.5
1005127,smooth_slope,8,1,210002,normal_motion,7,0,-0.75,-0.5
1005184,smooth_slope,9,0,210000,standing,0,0,0,0
1005185,smooth_slope,9,1,210000,standing,1,0,0,0
1005186,smooth_slope,9,0,210000,standing,2,0,0,0
1005187,smooth_slope,9,1,210000,standing,3,0,0,0
1005188,smooth_slope,9,0,210000,standing,4,0,0,0
1005189,smooth_slope,9,1,210000,standing,5,0,0,0
1005190,smooth_slope,9,0,210000,standing,6,0,0,0
1005191,smooth_slope,9,1,210000,standing,7,0,0,0
1005248,smooth_slope,9,0,210000,low_speed,0,0.25,0,0
1005249,smooth_slope,9,0,210000,low_speed,1,-0.25,0,0
1005250,smooth_slope,9,0,210000,low_speed,2,0,0.25,0.25
1005251,smooth_slope,9,0,210000,low_speed,3,0,-0.25,-0.25
1005252,smooth_slope,9,1,210000,low_speed,4,0.25,0,0
1005253,smooth_slope,9,1,210000,low_speed,5,-0.25,0,0
1005254,smooth_slope,9,1,210000,low_speed,6,0,0.25,0.25
1005255,smooth_slope,9,1,210000,low_speed,7,0,-0.25,-0.25
1005312,smooth_slope,9,0,210000,normal_motion,0,0.75,0,0
1005313,smooth_slope,9,0,210000,normal_motion,1,-0.75,0,0
1005314,smooth_slope,9,0,210000,normal_motion,2,0,0.75,0.5
1005315,smooth_slope,9,0,210000,normal_motion,3,0,-0.75,-0.5
1005316,smooth_slope,9,1,210000,normal_motion,4,0.75,0,0
1005317,smooth_slope,9,1,210000,normal_motion,5,-0.75,0,0
1005318,smooth_slope,9,1,210000,normal_motion,6,0,0.75,0.5
1005319,smooth_slope,9,1,210000,normal_motion,7,0,-0.75,-0.5
1005376,smooth_slope,9,0,210001,standing,0,0,0,0
1005377,smooth_slope,9,1,210001,standing,1,0,0,0
1005378,smooth_slope,9,0,210001,standing,2,0,0,0
1005379,smooth_slope,9,1,210001,standing,3,0,0,0
1005380,smooth_slope,9,0,210001,standing,4,0,0,0
1005381,smooth_slope,9,1,210001,standing,5,0,0,0
1005382,smooth_slope,9,0,210001,standing,6,0,0,0
1005383,smooth_slope,9,1,210001,standing,7,0,0,0
1005440,smooth_slope,9,0,210001,low_speed,0,0.25,0,0
1005441,smooth_slope,9,0,210001,low_speed,1,-0.25,0,0
1005442,smooth_slope,9,0,210001,low_speed,2,0,0.25,0.25
1005443,smooth_slope,9,0,210001,low_speed,3,0,-0.25,-0.25
1005444,smooth_slope,9,1,210001,low_speed,4,0.25,0,0
1005445,smooth_slope,9,1,210001,low_speed,5,-0.25,0,0
1005446,smooth_slope,9,1,210001,low_speed,6,0,0.25,0.25
1005447,smooth_slope,9,1,210001,low_speed,7,0,-0.25,-0.25
1005504,smooth_slope,9,0,210001,normal_motion,0,0.75,0,0
1005505,smooth_slope,9,0,210001,normal_motion,1,-0.75,0,0
1005506,smooth_slope,9,0,210001,normal_motion,2,0,0.75,0.5
1005507,smooth_slope,9,0,210001,normal_motion,3,0,-0.75,-0.5
1005508,smooth_slope,9,1,210001,normal_motion,4,0.75,0,0
1005509,smooth_slope,9,1,210001,normal_motion,5,-0.75,0,0
1005510,smooth_slope,9,1,210001,normal_motion,6,0,0.75,0.5
1005511,smooth_slope,9,1,210001,normal_motion,7,0,-0.75,-0.5
1005568,smooth_slope,9,0,210002,standing,0,0,0,0
1005569,smooth_slope,9,1,210002,standing,1,0,0,0
1005570,smooth_slope,9,0,210002,standing,2,0,0,0
1005571,smooth_slope,9,1,210002,standing,3,0,0,0
1005572,smooth_slope,9,0,210002,standing,4,0,0,0
1005573,smooth_slope,9,1,210002,standing,5,0,0,0
1005574,smooth_slope,9,0,210002,standing,6,0,0,0
1005575,smooth_slope,9,1,210002,standing,7,0,0,0
1005632,smooth_slope,9,0,210002,low_speed,0,0.25,0,0
1005633,smooth_slope,9,0,210002,low_speed,1,-0.25,0,0
1005634,smooth_slope,9,0,210002,low_speed,2,0,0.25,0.25
1005635,smooth_slope,9,0,210002,low_speed,3,0,-0.25,-0.25
1005636,smooth_slope,9,1,210002,low_speed,4,0.25,0,0
1005637,smooth_slope,9,1,210002,low_speed,5,-0.25,0,0
1005638,smooth_slope,9,1,210002,low_speed,6,0,0.25,0.25
1005639,smooth_slope,9,1,210002,low_speed,7,0,-0.25,-0.25
1005696,smooth_slope,9,0,210002,normal_motion,0,0.75,0,0
1005697,smooth_slope,9,0,210002,normal_motion,1,-0.75,0,0
1005698,smooth_slope,9,0,210002,normal_motion,2,0,0.75,0.5
1005699,smooth_slope,9,0,210002,normal_motion,3,0,-0.75,-0.5
1005700,smooth_slope,9,1,210002,normal_motion,4,0.75,0,0
1005701,smooth_slope,9,1,210002,normal_motion,5,-0.75,0,0
1005702,smooth_slope,9,1,210002,normal_motion,6,0,0.75,0.5
1005703,smooth_slope,9,1,210002,normal_motion,7,0,-0.75,-0.5
1005760,rough_slope,0,2,210000,standing,0,0,0,0
1005761,rough_slope,0,2,210000,standing,1,0,0,0
1005762,rough_slope,0,2,210000,standing,2,0,0,0
1005763,rough_slope,0,2,210000,standing,3,0,0,0
1005764,rough_slope,0,2,210000,standing,4,0,0,0
1005765,rough_slope,0,2,210000,standing,5,0,0,0
1005766,rough_slope,0,2,210000,standing,6,0,0,0
1005767,rough_slope,0,2,210000,standing,7,0,0,0
1005824,rough_slope,0,2,210000,low_speed,0,0.25,0,0
1005825,rough_slope,0,2,210000,low_speed,1,-0.25,0,0
1005826,rough_slope,0,2,210000,low_speed,2,0,0.25,0.25
1005827,rough_slope,0,2,210000,low_speed,3,0,-0.25,-0.25
1005828,rough_slope,0,2,210000,low_speed,4,0.25,0,0
1005829,rough_slope,0,2,210000,low_speed,5,-0.25,0,0
1005830,rough_slope,0,2,210000,low_speed,6,0,0.25,0.25
1005831,rough_slope,0,2,210000,low_speed,7,0,-0.25,-0.25
1005888,rough_slope,0,2,210000,normal_motion,0,0.75,0,0
1005889,rough_slope,0,2,210000,normal_motion,1,-0.75,0,0
1005890,rough_slope,0,2,210000,normal_motion,2,0,0.75,0.5
1005891,rough_slope,0,2,210000,normal_motion,3,0,-0.75,-0.5
1005892,rough_slope,0,2,210000,normal_motion,4,0.75,0,0
1005893,rough_slope,0,2,210000,normal_motion,5,-0.75,0,0
1005894,rough_slope,0,2,210000,normal_motion,6,0,0.75,0.5
1005895,rough_slope,0,2,210000,normal_motion,7,0,-0.75,-0.5
1005952,rough_slope,0,2,210001,standing,0,0,0,0
1005953,rough_slope,0,2,210001,standing,1,0,0,0
1005954,rough_slope,0,2,210001,standing,2,0,0,0
1005955,rough_slope,0,2,210001,standing,3,0,0,0
1005956,rough_slope,0,2,210001,standing,4,0,0,0
1005957,rough_slope,0,2,210001,standing,5,0,0,0
1005958,rough_slope,0,2,210001,standing,6,0,0,0
1005959,rough_slope,0,2,210001,standing,7,0,0,0
1006016,rough_slope,0,2,210001,low_speed,0,0.25,0,0
1006017,rough_slope,0,2,210001,low_speed,1,-0.25,0,0
1006018,rough_slope,0,2,210001,low_speed,2,0,0.25,0.25
1006019,rough_slope,0,2,210001,low_speed,3,0,-0.25,-0.25
1006020,rough_slope,0,2,210001,low_speed,4,0.25,0,0
1006021,rough_slope,0,2,210001,low_speed,5,-0.25,0,0
1006022,rough_slope,0,2,210001,low_speed,6,0,0.25,0.25
1006023,rough_slope,0,2,210001,low_speed,7,0,-0.25,-0.25
1006080,rough_slope,0,2,210001,normal_motion,0,0.75,0,0
1006081,rough_slope,0,2,210001,normal_motion,1,-0.75,0,0
1006082,rough_slope,0,2,210001,normal_motion,2,0,0.75,0.5
1006083,rough_slope,0,2,210001,normal_motion,3,0,-0.75,-0.5
1006084,rough_slope,0,2,210001,normal_motion,4,0.75,0,0
1006085,rough_slope,0,2,210001,normal_motion,5,-0.75,0,0
1006086,rough_slope,0,2,210001,normal_motion,6,0,0.75,0.5
1006087,rough_slope,0,2,210001,normal_motion,7,0,-0.75,-0.5
1006144,rough_slope,0,2,210002,standing,0,0,0,0
1006145,rough_slope,0,2,210002,standing,1,0,0,0
1006146,rough_slope,0,2,210002,standing,2,0,0,0
1006147,rough_slope,0,2,210002,standing,3,0,0,0
1006148,rough_slope,0,2,210002,standing,4,0,0,0
1006149,rough_slope,0,2,210002,standing,5,0,0,0
1006150,rough_slope,0,2,210002,standing,6,0,0,0
1006151,rough_slope,0,2,210002,standing,7,0,0,0
1006208,rough_slope,0,2,210002,low_speed,0,0.25,0,0
1006209,rough_slope,0,2,210002,low_speed,1,-0.25,0,0
1006210,rough_slope,0,2,210002,low_speed,2,0,0.25,0.25
1006211,rough_slope,0,2,210002,low_speed,3,0,-0.25,-0.25
1006212,rough_slope,0,2,210002,low_speed,4,0.25,0,0
1006213,rough_slope,0,2,210002,low_speed,5,-0.25,0,0
1006214,rough_slope,0,2,210002,low_speed,6,0,0.25,0.25
1006215,rough_slope,0,2,210002,low_speed,7,0,-0.25,-0.25
1006272,rough_slope,0,2,210002,normal_motion,0,0.75,0,0
1006273,rough_slope,0,2,210002,normal_motion,1,-0.75,0,0
1006274,rough_slope,0,2,210002,normal_motion,2,0,0.75,0.5
1006275,rough_slope,0,2,210002,normal_motion,3,0,-0.75,-0.5
1006276,rough_slope,0,2,210002,normal_motion,4,0.75,0,0
1006277,rough_slope,0,2,210002,normal_motion,5,-0.75,0,0
1006278,rough_slope,0,2,210002,normal_motion,6,0,0.75,0.5
1006279,rough_slope,0,2,210002,normal_motion,7,0,-0.75,-0.5
1006336,rough_slope,1,2,210000,standing,0,0,0,0
1006337,rough_slope,1,2,210000,standing,1,0,0,0
1006338,rough_slope,1,2,210000,standing,2,0,0,0
1006339,rough_slope,1,2,210000,standing,3,0,0,0
1006340,rough_slope,1,2,210000,standing,4,0,0,0
1006341,rough_slope,1,2,210000,standing,5,0,0,0
1006342,rough_slope,1,2,210000,standing,6,0,0,0
1006343,rough_slope,1,2,210000,standing,7,0,0,0
1006400,rough_slope,1,2,210000,low_speed,0,0.25,0,0
1006401,rough_slope,1,2,210000,low_speed,1,-0.25,0,0
1006402,rough_slope,1,2,210000,low_speed,2,0,0.25,0.25
1006403,rough_slope,1,2,210000,low_speed,3,0,-0.25,-0.25
1006404,rough_slope,1,2,210000,low_speed,4,0.25,0,0
1006405,rough_slope,1,2,210000,low_speed,5,-0.25,0,0
1006406,rough_slope,1,2,210000,low_speed,6,0,0.25,0.25
1006407,rough_slope,1,2,210000,low_speed,7,0,-0.25,-0.25
1006464,rough_slope,1,2,210000,normal_motion,0,0.75,0,0
1006465,rough_slope,1,2,210000,normal_motion,1,-0.75,0,0
1006466,rough_slope,1,2,210000,normal_motion,2,0,0.75,0.5
1006467,rough_slope,1,2,210000,normal_motion,3,0,-0.75,-0.5
1006468,rough_slope,1,2,210000,normal_motion,4,0.75,0,0
1006469,rough_slope,1,2,210000,normal_motion,5,-0.75,0,0
1006470,rough_slope,1,2,210000,normal_motion,6,0,0.75,0.5
1006471,rough_slope,1,2,210000,normal_motion,7,0,-0.75,-0.5
1006528,rough_slope,1,2,210001,standing,0,0,0,0
1006529,rough_slope,1,2,210001,standing,1,0,0,0
1006530,rough_slope,1,2,210001,standing,2,0,0,0
1006531,rough_slope,1,2,210001,standing,3,0,0,0
1006532,rough_slope,1,2,210001,standing,4,0,0,0
1006533,rough_slope,1,2,210001,standing,5,0,0,0
1006534,rough_slope,1,2,210001,standing,6,0,0,0
1006535,rough_slope,1,2,210001,standing,7,0,0,0
1006592,rough_slope,1,2,210001,low_speed,0,0.25,0,0
1006593,rough_slope,1,2,210001,low_speed,1,-0.25,0,0
1006594,rough_slope,1,2,210001,low_speed,2,0,0.25,0.25
1006595,rough_slope,1,2,210001,low_speed,3,0,-0.25,-0.25
1006596,rough_slope,1,2,210001,low_speed,4,0.25,0,0
1006597,rough_slope,1,2,210001,low_speed,5,-0.25,0,0
1006598,rough_slope,1,2,210001,low_speed,6,0,0.25,0.25
1006599,rough_slope,1,2,210001,low_speed,7,0,-0.25,-0.25
1006656,rough_slope,1,2,210001,normal_motion,0,0.75,0,0
1006657,rough_slope,1,2,210001,normal_motion,1,-0.75,0,0
1006658,rough_slope,1,2,210001,normal_motion,2,0,0.75,0.5
1006659,rough_slope,1,2,210001,normal_motion,3,0,-0.75,-0.5
1006660,rough_slope,1,2,210001,normal_motion,4,0.75,0,0
1006661,rough_slope,1,2,210001,normal_motion,5,-0.75,0,0
1006662,rough_slope,1,2,210001,normal_motion,6,0,0.75,0.5
1006663,rough_slope,1,2,210001,normal_motion,7,0,-0.75,-0.5
1006720,rough_slope,1,2,210002,standing,0,0,0,0
1006721,rough_slope,1,2,210002,standing,1,0,0,0
1006722,rough_slope,1,2,210002,standing,2,0,0,0
1006723,rough_slope,1,2,210002,standing,3,0,0,0
1006724,rough_slope,1,2,210002,standing,4,0,0,0
1006725,rough_slope,1,2,210002,standing,5,0,0,0
1006726,rough_slope,1,2,210002,standing,6,0,0,0
1006727,rough_slope,1,2,210002,standing,7,0,0,0
1006784,rough_slope,1,2,210002,low_speed,0,0.25,0,0
1006785,rough_slope,1,2,210002,low_speed,1,-0.25,0,0
1006786,rough_slope,1,2,210002,low_speed,2,0,0.25,0.25
1006787,rough_slope,1,2,210002,low_speed,3,0,-0.25,-0.25
1006788,rough_slope,1,2,210002,low_speed,4,0.25,0,0
1006789,rough_slope,1,2,210002,low_speed,5,-0.25,0,0
1006790,rough_slope,1,2,210002,low_speed,6,0,0.25,0.25
1006791,rough_slope,1,2,210002,low_speed,7,0,-0.25,-0.25
1006848,rough_slope,1,2,210002,normal_motion,0,0.75,0,0
1006849,rough_slope,1,2,210002,normal_motion,1,-0.75,0,0
1006850,rough_slope,1,2,210002,normal_motion,2,0,0.75,0.5
1006851,rough_slope,1,2,210002,normal_motion,3,0,-0.75,-0.5
1006852,rough_slope,1,2,210002,normal_motion,4,0.75,0,0
1006853,rough_slope,1,2,210002,normal_motion,5,-0.75,0,0
1006854,rough_slope,1,2,210002,normal_motion,6,0,0.75,0.5
1006855,rough_slope,1,2,210002,normal_motion,7,0,-0.75,-0.5
1006912,rough_slope,2,2,210000,standing,0,0,0,0
1006913,rough_slope,2,2,210000,standing,1,0,0,0
1006914,rough_slope,2,2,210000,standing,2,0,0,0
1006915,rough_slope,2,2,210000,standing,3,0,0,0
1006916,rough_slope,2,2,210000,standing,4,0,0,0
1006917,rough_slope,2,2,210000,standing,5,0,0,0
1006918,rough_slope,2,2,210000,standing,6,0,0,0
1006919,rough_slope,2,2,210000,standing,7,0,0,0
1006976,rough_slope,2,2,210000,low_speed,0,0.25,0,0
1006977,rough_slope,2,2,210000,low_speed,1,-0.25,0,0
1006978,rough_slope,2,2,210000,low_speed,2,0,0.25,0.25
1006979,rough_slope,2,2,210000,low_speed,3,0,-0.25,-0.25
1006980,rough_slope,2,2,210000,low_speed,4,0.25,0,0
1006981,rough_slope,2,2,210000,low_speed,5,-0.25,0,0
1006982,rough_slope,2,2,210000,low_speed,6,0,0.25,0.25
1006983,rough_slope,2,2,210000,low_speed,7,0,-0.25,-0.25
1007040,rough_slope,2,2,210000,normal_motion,0,0.75,0,0
1007041,rough_slope,2,2,210000,normal_motion,1,-0.75,0,0
1007042,rough_slope,2,2,210000,normal_motion,2,0,0.75,0.5
1007043,rough_slope,2,2,210000,normal_motion,3,0,-0.75,-0.5
1007044,rough_slope,2,2,210000,normal_motion,4,0.75,0,0
1007045,rough_slope,2,2,210000,normal_motion,5,-0.75,0,0
1007046,rough_slope,2,2,210000,normal_motion,6,0,0.75,0.5
1007047,rough_slope,2,2,210000,normal_motion,7,0,-0.75,-0.5
1007104,rough_slope,2,2,210001,standing,0,0,0,0
1007105,rough_slope,2,2,210001,standing,1,0,0,0
1007106,rough_slope,2,2,210001,standing,2,0,0,0
1007107,rough_slope,2,2,210001,standing,3,0,0,0
1007108,rough_slope,2,2,210001,standing,4,0,0,0
1007109,rough_slope,2,2,210001,standing,5,0,0,0
1007110,rough_slope,2,2,210001,standing,6,0,0,0
1007111,rough_slope,2,2,210001,standing,7,0,0,0
1007168,rough_slope,2,2,210001,low_speed,0,0.25,0,0
1007169,rough_slope,2,2,210001,low_speed,1,-0.25,0,0
1007170,rough_slope,2,2,210001,low_speed,2,0,0.25,0.25
1007171,rough_slope,2,2,210001,low_speed,3,0,-0.25,-0.25
1007172,rough_slope,2,2,210001,low_speed,4,0.25,0,0
1007173,rough_slope,2,2,210001,low_speed,5,-0.25,0,0
1007174,rough_slope,2,2,210001,low_speed,6,0,0.25,0.25
1007175,rough_slope,2,2,210001,low_speed,7,0,-0.25,-0.25
1007232,rough_slope,2,2,210001,normal_motion,0,0.75,0,0
1007233,rough_slope,2,2,210001,normal_motion,1,-0.75,0,0
1007234,rough_slope,2,2,210001,normal_motion,2,0,0.75,0.5
1007235,rough_slope,2,2,210001,normal_motion,3,0,-0.75,-0.5
1007236,rough_slope,2,2,210001,normal_motion,4,0.75,0,0
1007237,rough_slope,2,2,210001,normal_motion,5,-0.75,0,0
1007238,rough_slope,2,2,210001,normal_motion,6,0,0.75,0.5
1007239,rough_slope,2,2,210001,normal_motion,7,0,-0.75,-0.5
1007296,rough_slope,2,2,210002,standing,0,0,0,0
1007297,rough_slope,2,2,210002,standing,1,0,0,0
1007298,rough_slope,2,2,210002,standing,2,0,0,0
1007299,rough_slope,2,2,210002,standing,3,0,0,0
1007300,rough_slope,2,2,210002,standing,4,0,0,0
1007301,rough_slope,2,2,210002,standing,5,0,0,0
1007302,rough_slope,2,2,210002,standing,6,0,0,0
1007303,rough_slope,2,2,210002,standing,7,0,0,0
1007360,rough_slope,2,2,210002,low_speed,0,0.25,0,0
1007361,rough_slope,2,2,210002,low_speed,1,-0.25,0,0
1007362,rough_slope,2,2,210002,low_speed,2,0,0.25,0.25
1007363,rough_slope,2,2,210002,low_speed,3,0,-0.25,-0.25
1007364,rough_slope,2,2,210002,low_speed,4,0.25,0,0
1007365,rough_slope,2,2,210002,low_speed,5,-0.25,0,0
1007366,rough_slope,2,2,210002,low_speed,6,0,0.25,0.25
1007367,rough_slope,2,2,210002,low_speed,7,0,-0.25,-0.25
1007424,rough_slope,2,2,210002,normal_motion,0,0.75,0,0
1007425,rough_slope,2,2,210002,normal_motion,1,-0.75,0,0
1007426,rough_slope,2,2,210002,normal_motion,2,0,0.75,0.5
1007427,rough_slope,2,2,210002,normal_motion,3,0,-0.75,-0.5
1007428,rough_slope,2,2,210002,normal_motion,4,0.75,0,0
1007429,rough_slope,2,2,210002,normal_motion,5,-0.75,0,0
1007430,rough_slope,2,2,210002,normal_motion,6,0,0.75,0.5
1007431,rough_slope,2,2,210002,normal_motion,7,0,-0.75,-0.5
1007488,rough_slope,3,2,210000,standing,0,0,0,0
1007489,rough_slope,3,2,210000,standing,1,0,0,0
1007490,rough_slope,3,2,210000,standing,2,0,0,0
1007491,rough_slope,3,2,210000,standing,3,0,0,0
1007492,rough_slope,3,2,210000,standing,4,0,0,0
1007493,rough_slope,3,2,210000,standing,5,0,0,0
1007494,rough_slope,3,2,210000,standing,6,0,0,0
1007495,rough_slope,3,2,210000,standing,7,0,0,0
1007552,rough_slope,3,2,210000,low_speed,0,0.25,0,0
1007553,rough_slope,3,2,210000,low_speed,1,-0.25,0,0
1007554,rough_slope,3,2,210000,low_speed,2,0,0.25,0.25
1007555,rough_slope,3,2,210000,low_speed,3,0,-0.25,-0.25
1007556,rough_slope,3,2,210000,low_speed,4,0.25,0,0
1007557,rough_slope,3,2,210000,low_speed,5,-0.25,0,0
1007558,rough_slope,3,2,210000,low_speed,6,0,0.25,0.25
1007559,rough_slope,3,2,210000,low_speed,7,0,-0.25,-0.25
1007616,rough_slope,3,2,210000,normal_motion,0,0.75,0,0
1007617,rough_slope,3,2,210000,normal_motion,1,-0.75,0,0
1007618,rough_slope,3,2,210000,normal_motion,2,0,0.75,0.5
1007619,rough_slope,3,2,210000,normal_motion,3,0,-0.75,-0.5
1007620,rough_slope,3,2,210000,normal_motion,4,0.75,0,0
1007621,rough_slope,3,2,210000,normal_motion,5,-0.75,0,0
1007622,rough_slope,3,2,210000,normal_motion,6,0,0.75,0.5
1007623,rough_slope,3,2,210000,normal_motion,7,0,-0.75,-0.5
1007680,rough_slope,3,2,210001,standing,0,0,0,0
1007681,rough_slope,3,2,210001,standing,1,0,0,0
1007682,rough_slope,3,2,210001,standing,2,0,0,0
1007683,rough_slope,3,2,210001,standing,3,0,0,0
1007684,rough_slope,3,2,210001,standing,4,0,0,0
1007685,rough_slope,3,2,210001,standing,5,0,0,0
1007686,rough_slope,3,2,210001,standing,6,0,0,0
1007687,rough_slope,3,2,210001,standing,7,0,0,0
1007744,rough_slope,3,2,210001,low_speed,0,0.25,0,0
1007745,rough_slope,3,2,210001,low_speed,1,-0.25,0,0
1007746,rough_slope,3,2,210001,low_speed,2,0,0.25,0.25
1007747,rough_slope,3,2,210001,low_speed,3,0,-0.25,-0.25
1007748,rough_slope,3,2,210001,low_speed,4,0.25,0,0
1007749,rough_slope,3,2,210001,low_speed,5,-0.25,0,0
1007750,rough_slope,3,2,210001,low_speed,6,0,0.25,0.25
1007751,rough_slope,3,2,210001,low_speed,7,0,-0.25,-0.25
1007808,rough_slope,3,2,210001,normal_motion,0,0.75,0,0
1007809,rough_slope,3,2,210001,normal_motion,1,-0.75,0,0
1007810,rough_slope,3,2,210001,normal_motion,2,0,0.75,0.5
1007811,rough_slope,3,2,210001,normal_motion,3,0,-0.75,-0.5
1007812,rough_slope,3,2,210001,normal_motion,4,0.75,0,0
1007813,rough_slope,3,2,210001,normal_motion,5,-0.75,0,0
1007814,rough_slope,3,2,210001,normal_motion,6,0,0.75,0.5
1007815,rough_slope,3,2,210001,normal_motion,7,0,-0.75,-0.5
1007872,rough_slope,3,2,210002,standing,0,0,0,0
1007873,rough_slope,3,2,210002,standing,1,0,0,0
1007874,rough_slope,3,2,210002,standing,2,0,0,0
1007875,rough_slope,3,2,210002,standing,3,0,0,0
1007876,rough_slope,3,2,210002,standing,4,0,0,0
1007877,rough_slope,3,2,210002,standing,5,0,0,0
1007878,rough_slope,3,2,210002,standing,6,0,0,0
1007879,rough_slope,3,2,210002,standing,7,0,0,0
1007936,rough_slope,3,2,210002,low_speed,0,0.25,0,0
1007937,rough_slope,3,2,210002,low_speed,1,-0.25,0,0
1007938,rough_slope,3,2,210002,low_speed,2,0,0.25,0.25
1007939,rough_slope,3,2,210002,low_speed,3,0,-0.25,-0.25
1007940,rough_slope,3,2,210002,low_speed,4,0.25,0,0
1007941,rough_slope,3,2,210002,low_speed,5,-0.25,0,0
1007942,rough_slope,3,2,210002,low_speed,6,0,0.25,0.25
1007943,rough_slope,3,2,210002,low_speed,7,0,-0.25,-0.25
1008000,rough_slope,3,2,210002,normal_motion,0,0.75,0,0
1008001,rough_slope,3,2,210002,normal_motion,1,-0.75,0,0
1008002,rough_slope,3,2,210002,normal_motion,2,0,0.75,0.5
1008003,rough_slope,3,2,210002,normal_motion,3,0,-0.75,-0.5
1008004,rough_slope,3,2,210002,normal_motion,4,0.75,0,0
1008005,rough_slope,3,2,210002,normal_motion,5,-0.75,0,0
1008006,rough_slope,3,2,210002,normal_motion,6,0,0.75,0.5
1008007,rough_slope,3,2,210002,normal_motion,7,0,-0.75,-0.5
1008064,rough_slope,4,2,210000,standing,0,0,0,0
1008065,rough_slope,4,2,210000,standing,1,0,0,0
1008066,rough_slope,4,2,210000,standing,2,0,0,0
1008067,rough_slope,4,2,210000,standing,3,0,0,0
1008068,rough_slope,4,2,210000,standing,4,0,0,0
1008069,rough_slope,4,2,210000,standing,5,0,0,0
1008070,rough_slope,4,2,210000,standing,6,0,0,0
1008071,rough_slope,4,2,210000,standing,7,0,0,0
1008128,rough_slope,4,2,210000,low_speed,0,0.25,0,0
1008129,rough_slope,4,2,210000,low_speed,1,-0.25,0,0
1008130,rough_slope,4,2,210000,low_speed,2,0,0.25,0.25
1008131,rough_slope,4,2,210000,low_speed,3,0,-0.25,-0.25
1008132,rough_slope,4,2,210000,low_speed,4,0.25,0,0
1008133,rough_slope,4,2,210000,low_speed,5,-0.25,0,0
1008134,rough_slope,4,2,210000,low_speed,6,0,0.25,0.25
1008135,rough_slope,4,2,210000,low_speed,7,0,-0.25,-0.25
1008192,rough_slope,4,2,210000,normal_motion,0,0.75,0,0
1008193,rough_slope,4,2,210000,normal_motion,1,-0.75,0,0
1008194,rough_slope,4,2,210000,normal_motion,2,0,0.75,0.5
1008195,rough_slope,4,2,210000,normal_motion,3,0,-0.75,-0.5
1008196,rough_slope,4,2,210000,normal_motion,4,0.75,0,0
1008197,rough_slope,4,2,210000,normal_motion,5,-0.75,0,0
1008198,rough_slope,4,2,210000,normal_motion,6,0,0.75,0.5
1008199,rough_slope,4,2,210000,normal_motion,7,0,-0.75,-0.5
1008256,rough_slope,4,2,210001,standing,0,0,0,0
1008257,rough_slope,4,2,210001,standing,1,0,0,0
1008258,rough_slope,4,2,210001,standing,2,0,0,0
1008259,rough_slope,4,2,210001,standing,3,0,0,0
1008260,rough_slope,4,2,210001,standing,4,0,0,0
1008261,rough_slope,4,2,210001,standing,5,0,0,0
1008262,rough_slope,4,2,210001,standing,6,0,0,0
1008263,rough_slope,4,2,210001,standing,7,0,0,0
1008320,rough_slope,4,2,210001,low_speed,0,0.25,0,0
1008321,rough_slope,4,2,210001,low_speed,1,-0.25,0,0
1008322,rough_slope,4,2,210001,low_speed,2,0,0.25,0.25
1008323,rough_slope,4,2,210001,low_speed,3,0,-0.25,-0.25
1008324,rough_slope,4,2,210001,low_speed,4,0.25,0,0
1008325,rough_slope,4,2,210001,low_speed,5,-0.25,0,0
1008326,rough_slope,4,2,210001,low_speed,6,0,0.25,0.25
1008327,rough_slope,4,2,210001,low_speed,7,0,-0.25,-0.25
1008384,rough_slope,4,2,210001,normal_motion,0,0.75,0,0
1008385,rough_slope,4,2,210001,normal_motion,1,-0.75,0,0
1008386,rough_slope,4,2,210001,normal_motion,2,0,0.75,0.5
1008387,rough_slope,4,2,210001,normal_motion,3,0,-0.75,-0.5
1008388,rough_slope,4,2,210001,normal_motion,4,0.75,0,0
1008389,rough_slope,4,2,210001,normal_motion,5,-0.75,0,0
1008390,rough_slope,4,2,210001,normal_motion,6,0,0.75,0.5
1008391,rough_slope,4,2,210001,normal_motion,7,0,-0.75,-0.5
1008448,rough_slope,4,2,210002,standing,0,0,0,0
1008449,rough_slope,4,2,210002,standing,1,0,0,0
1008450,rough_slope,4,2,210002,standing,2,0,0,0
1008451,rough_slope,4,2,210002,standing,3,0,0,0
1008452,rough_slope,4,2,210002,standing,4,0,0,0
1008453,rough_slope,4,2,210002,standing,5,0,0,0
1008454,rough_slope,4,2,210002,standing,6,0,0,0
1008455,rough_slope,4,2,210002,standing,7,0,0,0
1008512,rough_slope,4,2,210002,low_speed,0,0.25,0,0
1008513,rough_slope,4,2,210002,low_speed,1,-0.25,0,0
1008514,rough_slope,4,2,210002,low_speed,2,0,0.25,0.25
1008515,rough_slope,4,2,210002,low_speed,3,0,-0.25,-0.25
1008516,rough_slope,4,2,210002,low_speed,4,0.25,0,0
1008517,rough_slope,4,2,210002,low_speed,5,-0.25,0,0
1008518,rough_slope,4,2,210002,low_speed,6,0,0.25,0.25
1008519,rough_slope,4,2,210002,low_speed,7,0,-0.25,-0.25
1008576,rough_slope,4,2,210002,normal_motion,0,0.75,0,0
1008577,rough_slope,4,2,210002,normal_motion,1,-0.75,0,0
1008578,rough_slope,4,2,210002,normal_motion,2,0,0.75,0.5
1008579,rough_slope,4,2,210002,normal_motion,3,0,-0.75,-0.5
1008580,rough_slope,4,2,210002,normal_motion,4,0.75,0,0
1008581,rough_slope,4,2,210002,normal_motion,5,-0.75,0,0
1008582,rough_slope,4,2,210002,normal_motion,6,0,0.75,0.5
1008583,rough_slope,4,2,210002,normal_motion,7,0,-0.75,-0.5
1008640,rough_slope,5,2,210000,standing,0,0,0,0
1008641,rough_slope,5,2,210000,standing,1,0,0,0
1008642,rough_slope,5,2,210000,standing,2,0,0,0
1008643,rough_slope,5,2,210000,standing,3,0,0,0
1008644,rough_slope,5,2,210000,standing,4,0,0,0
1008645,rough_slope,5,2,210000,standing,5,0,0,0
1008646,rough_slope,5,2,210000,standing,6,0,0,0
1008647,rough_slope,5,2,210000,standing,7,0,0,0
1008704,rough_slope,5,2,210000,low_speed,0,0.25,0,0
1008705,rough_slope,5,2,210000,low_speed,1,-0.25,0,0
1008706,rough_slope,5,2,210000,low_speed,2,0,0.25,0.25
1008707,rough_slope,5,2,210000,low_speed,3,0,-0.25,-0.25
1008708,rough_slope,5,2,210000,low_speed,4,0.25,0,0
1008709,rough_slope,5,2,210000,low_speed,5,-0.25,0,0
1008710,rough_slope,5,2,210000,low_speed,6,0,0.25,0.25
1008711,rough_slope,5,2,210000,low_speed,7,0,-0.25,-0.25
1008768,rough_slope,5,2,210000,normal_motion,0,0.75,0,0
1008769,rough_slope,5,2,210000,normal_motion,1,-0.75,0,0
1008770,rough_slope,5,2,210000,normal_motion,2,0,0.75,0.5
1008771,rough_slope,5,2,210000,normal_motion,3,0,-0.75,-0.5
1008772,rough_slope,5,2,210000,normal_motion,4,0.75,0,0
1008773,rough_slope,5,2,210000,normal_motion,5,-0.75,0,0
1008774,rough_slope,5,2,210000,normal_motion,6,0,0.75,0.5
1008775,rough_slope,5,2,210000,normal_motion,7,0,-0.75,-0.5
1008832,rough_slope,5,2,210001,standing,0,0,0,0
1008833,rough_slope,5,2,210001,standing,1,0,0,0
1008834,rough_slope,5,2,210001,standing,2,0,0,0
1008835,rough_slope,5,2,210001,standing,3,0,0,0
1008836,rough_slope,5,2,210001,standing,4,0,0,0
1008837,rough_slope,5,2,210001,standing,5,0,0,0
1008838,rough_slope,5,2,210001,standing,6,0,0,0
1008839,rough_slope,5,2,210001,standing,7,0,0,0
1008896,rough_slope,5,2,210001,low_speed,0,0.25,0,0
1008897,rough_slope,5,2,210001,low_speed,1,-0.25,0,0
1008898,rough_slope,5,2,210001,low_speed,2,0,0.25,0.25
1008899,rough_slope,5,2,210001,low_speed,3,0,-0.25,-0.25
1008900,rough_slope,5,2,210001,low_speed,4,0.25,0,0
1008901,rough_slope,5,2,210001,low_speed,5,-0.25,0,0
1008902,rough_slope,5,2,210001,low_speed,6,0,0.25,0.25
1008903,rough_slope,5,2,210001,low_speed,7,0,-0.25,-0.25
1008960,rough_slope,5,2,210001,normal_motion,0,0.75,0,0
1008961,rough_slope,5,2,210001,normal_motion,1,-0.75,0,0
1008962,rough_slope,5,2,210001,normal_motion,2,0,0.75,0.5
1008963,rough_slope,5,2,210001,normal_motion,3,0,-0.75,-0.5
1008964,rough_slope,5,2,210001,normal_motion,4,0.75,0,0
1008965,rough_slope,5,2,210001,normal_motion,5,-0.75,0,0
1008966,rough_slope,5,2,210001,normal_motion,6,0,0.75,0.5
1008967,rough_slope,5,2,210001,normal_motion,7,0,-0.75,-0.5
1009024,rough_slope,5,2,210002,standing,0,0,0,0
1009025,rough_slope,5,2,210002,standing,1,0,0,0
1009026,rough_slope,5,2,210002,standing,2,0,0,0
1009027,rough_slope,5,2,210002,standing,3,0,0,0
1009028,rough_slope,5,2,210002,standing,4,0,0,0
1009029,rough_slope,5,2,210002,standing,5,0,0,0
1009030,rough_slope,5,2,210002,standing,6,0,0,0
1009031,rough_slope,5,2,210002,standing,7,0,0,0
1009088,rough_slope,5,2,210002,low_speed,0,0.25,0,0
1009089,rough_slope,5,2,210002,low_speed,1,-0.25,0,0
1009090,rough_slope,5,2,210002,low_speed,2,0,0.25,0.25
1009091,rough_slope,5,2,210002,low_speed,3,0,-0.25,-0.25
1009092,rough_slope,5,2,210002,low_speed,4,0.25,0,0
1009093,rough_slope,5,2,210002,low_speed,5,-0.25,0,0
1009094,rough_slope,5,2,210002,low_speed,6,0,0.25,0.25
1009095,rough_slope,5,2,210002,low_speed,7,0,-0.25,-0.25
1009152,rough_slope,5,2,210002,normal_motion,0,0.75,0,0
1009153,rough_slope,5,2,210002,normal_motion,1,-0.75,0,0
1009154,rough_slope,5,2,210002,normal_motion,2,0,0.75,0.5
1009155,rough_slope,5,2,210002,normal_motion,3,0,-0.75,-0.5
1009156,rough_slope,5,2,210002,normal_motion,4,0.75,0,0
1009157,rough_slope,5,2,210002,normal_motion,5,-0.75,0,0
1009158,rough_slope,5,2,210002,normal_motion,6,0,0.75,0.5
1009159,rough_slope,5,2,210002,normal_motion,7,0,-0.75,-0.5
1009216,rough_slope,6,2,210000,standing,0,0,0,0
1009217,rough_slope,6,2,210000,standing,1,0,0,0
1009218,rough_slope,6,2,210000,standing,2,0,0,0
1009219,rough_slope,6,2,210000,standing,3,0,0,0
1009220,rough_slope,6,2,210000,standing,4,0,0,0
1009221,rough_slope,6,2,210000,standing,5,0,0,0
1009222,rough_slope,6,2,210000,standing,6,0,0,0
1009223,rough_slope,6,2,210000,standing,7,0,0,0
1009280,rough_slope,6,2,210000,low_speed,0,0.25,0,0
1009281,rough_slope,6,2,210000,low_speed,1,-0.25,0,0
1009282,rough_slope,6,2,210000,low_speed,2,0,0.25,0.25
1009283,rough_slope,6,2,210000,low_speed,3,0,-0.25,-0.25
1009284,rough_slope,6,2,210000,low_speed,4,0.25,0,0
1009285,rough_slope,6,2,210000,low_speed,5,-0.25,0,0
1009286,rough_slope,6,2,210000,low_speed,6,0,0.25,0.25
1009287,rough_slope,6,2,210000,low_speed,7,0,-0.25,-0.25
1009344,rough_slope,6,2,210000,normal_motion,0,0.75,0,0
1009345,rough_slope,6,2,210000,normal_motion,1,-0.75,0,0
1009346,rough_slope,6,2,210000,normal_motion,2,0,0.75,0.5
1009347,rough_slope,6,2,210000,normal_motion,3,0,-0.75,-0.5
1009348,rough_slope,6,2,210000,normal_motion,4,0.75,0,0
1009349,rough_slope,6,2,210000,normal_motion,5,-0.75,0,0
1009350,rough_slope,6,2,210000,normal_motion,6,0,0.75,0.5
1009351,rough_slope,6,2,210000,normal_motion,7,0,-0.75,-0.5
1009408,rough_slope,6,2,210001,standing,0,0,0,0
1009409,rough_slope,6,2,210001,standing,1,0,0,0
1009410,rough_slope,6,2,210001,standing,2,0,0,0
1009411,rough_slope,6,2,210001,standing,3,0,0,0
1009412,rough_slope,6,2,210001,standing,4,0,0,0
1009413,rough_slope,6,2,210001,standing,5,0,0,0
1009414,rough_slope,6,2,210001,standing,6,0,0,0
1009415,rough_slope,6,2,210001,standing,7,0,0,0
1009472,rough_slope,6,2,210001,low_speed,0,0.25,0,0
1009473,rough_slope,6,2,210001,low_speed,1,-0.25,0,0
1009474,rough_slope,6,2,210001,low_speed,2,0,0.25,0.25
1009475,rough_slope,6,2,210001,low_speed,3,0,-0.25,-0.25
1009476,rough_slope,6,2,210001,low_speed,4,0.25,0,0
1009477,rough_slope,6,2,210001,low_speed,5,-0.25,0,0
1009478,rough_slope,6,2,210001,low_speed,6,0,0.25,0.25
1009479,rough_slope,6,2,210001,low_speed,7,0,-0.25,-0.25
1009536,rough_slope,6,2,210001,normal_motion,0,0.75,0,0
1009537,rough_slope,6,2,210001,normal_motion,1,-0.75,0,0
1009538,rough_slope,6,2,210001,normal_motion,2,0,0.75,0.5
1009539,rough_slope,6,2,210001,normal_motion,3,0,-0.75,-0.5
1009540,rough_slope,6,2,210001,normal_motion,4,0.75,0,0
1009541,rough_slope,6,2,210001,normal_motion,5,-0.75,0,0
1009542,rough_slope,6,2,210001,normal_motion,6,0,0.75,0.5
1009543,rough_slope,6,2,210001,normal_motion,7,0,-0.75,-0.5
1009600,rough_slope,6,2,210002,standing,0,0,0,0
1009601,rough_slope,6,2,210002,standing,1,0,0,0
1009602,rough_slope,6,2,210002,standing,2,0,0,0
1009603,rough_slope,6,2,210002,standing,3,0,0,0
1009604,rough_slope,6,2,210002,standing,4,0,0,0
1009605,rough_slope,6,2,210002,standing,5,0,0,0
1009606,rough_slope,6,2,210002,standing,6,0,0,0
1009607,rough_slope,6,2,210002,standing,7,0,0,0
1009664,rough_slope,6,2,210002,low_speed,0,0.25,0,0
1009665,rough_slope,6,2,210002,low_speed,1,-0.25,0,0
1009666,rough_slope,6,2,210002,low_speed,2,0,0.25,0.25
1009667,rough_slope,6,2,210002,low_speed,3,0,-0.25,-0.25
1009668,rough_slope,6,2,210002,low_speed,4,0.25,0,0
1009669,rough_slope,6,2,210002,low_speed,5,-0.25,0,0
1009670,rough_slope,6,2,210002,low_speed,6,0,0.25,0.25
1009671,rough_slope,6,2,210002,low_speed,7,0,-0.25,-0.25
1009728,rough_slope,6,2,210002,normal_motion,0,0.75,0,0
1009729,rough_slope,6,2,210002,normal_motion,1,-0.75,0,0
1009730,rough_slope,6,2,210002,normal_motion,2,0,0.75,0.5
1009731,rough_slope,6,2,210002,normal_motion,3,0,-0.75,-0.5
1009732,rough_slope,6,2,210002,normal_motion,4,0.75,0,0
1009733,rough_slope,6,2,210002,normal_motion,5,-0.75,0,0
1009734,rough_slope,6,2,210002,normal_motion,6,0,0.75,0.5
1009735,rough_slope,6,2,210002,normal_motion,7,0,-0.75,-0.5
1009792,rough_slope,7,2,210000,standing,0,0,0,0
1009793,rough_slope,7,2,210000,standing,1,0,0,0
1009794,rough_slope,7,2,210000,standing,2,0,0,0
1009795,rough_slope,7,2,210000,standing,3,0,0,0
1009796,rough_slope,7,2,210000,standing,4,0,0,0
1009797,rough_slope,7,2,210000,standing,5,0,0,0
1009798,rough_slope,7,2,210000,standing,6,0,0,0
1009799,rough_slope,7,2,210000,standing,7,0,0,0
1009856,rough_slope,7,2,210000,low_speed,0,0.25,0,0
1009857,rough_slope,7,2,210000,low_speed,1,-0.25,0,0
1009858,rough_slope,7,2,210000,low_speed,2,0,0.25,0.25
1009859,rough_slope,7,2,210000,low_speed,3,0,-0.25,-0.25
1009860,rough_slope,7,2,210000,low_speed,4,0.25,0,0
1009861,rough_slope,7,2,210000,low_speed,5,-0.25,0,0
1009862,rough_slope,7,2,210000,low_speed,6,0,0.25,0.25
1009863,rough_slope,7,2,210000,low_speed,7,0,-0.25,-0.25
1009920,rough_slope,7,2,210000,normal_motion,0,0.75,0,0
1009921,rough_slope,7,2,210000,normal_motion,1,-0.75,0,0
1009922,rough_slope,7,2,210000,normal_motion,2,0,0.75,0.5
1009923,rough_slope,7,2,210000,normal_motion,3,0,-0.75,-0.5
1009924,rough_slope,7,2,210000,normal_motion,4,0.75,0,0
1009925,rough_slope,7,2,210000,normal_motion,5,-0.75,0,0
1009926,rough_slope,7,2,210000,normal_motion,6,0,0.75,0.5
1009927,rough_slope,7,2,210000,normal_motion,7,0,-0.75,-0.5
1009984,rough_slope,7,2,210001,standing,0,0,0,0
1009985,rough_slope,7,2,210001,standing,1,0,0,0
1009986,rough_slope,7,2,210001,standing,2,0,0,0
1009987,rough_slope,7,2,210001,standing,3,0,0,0
1009988,rough_slope,7,2,210001,standing,4,0,0,0
1009989,rough_slope,7,2,210001,standing,5,0,0,0
1009990,rough_slope,7,2,210001,standing,6,0,0,0
1009991,rough_slope,7,2,210001,standing,7,0,0,0
1010048,rough_slope,7,2,210001,low_speed,0,0.25,0,0
1010049,rough_slope,7,2,210001,low_speed,1,-0.25,0,0
1010050,rough_slope,7,2,210001,low_speed,2,0,0.25,0.25
1010051,rough_slope,7,2,210001,low_speed,3,0,-0.25,-0.25
1010052,rough_slope,7,2,210001,low_speed,4,0.25,0,0
1010053,rough_slope,7,2,210001,low_speed,5,-0.25,0,0
1010054,rough_slope,7,2,210001,low_speed,6,0,0.25,0.25
1010055,rough_slope,7,2,210001,low_speed,7,0,-0.25,-0.25
1010112,rough_slope,7,2,210001,normal_motion,0,0.75,0,0
1010113,rough_slope,7,2,210001,normal_motion,1,-0.75,0,0
1010114,rough_slope,7,2,210001,normal_motion,2,0,0.75,0.5
1010115,rough_slope,7,2,210001,normal_motion,3,0,-0.75,-0.5
1010116,rough_slope,7,2,210001,normal_motion,4,0.75,0,0
1010117,rough_slope,7,2,210001,normal_motion,5,-0.75,0,0
1010118,rough_slope,7,2,210001,normal_motion,6,0,0.75,0.5
1010119,rough_slope,7,2,210001,normal_motion,7,0,-0.75,-0.5
1010176,rough_slope,7,2,210002,standing,0,0,0,0
1010177,rough_slope,7,2,210002,standing,1,0,0,0
1010178,rough_slope,7,2,210002,standing,2,0,0,0
1010179,rough_slope,7,2,210002,standing,3,0,0,0
1010180,rough_slope,7,2,210002,standing,4,0,0,0
1010181,rough_slope,7,2,210002,standing,5,0,0,0
1010182,rough_slope,7,2,210002,standing,6,0,0,0
1010183,rough_slope,7,2,210002,standing,7,0,0,0
1010240,rough_slope,7,2,210002,low_speed,0,0.25,0,0
1010241,rough_slope,7,2,210002,low_speed,1,-0.25,0,0
1010242,rough_slope,7,2,210002,low_speed,2,0,0.25,0.25
1010243,rough_slope,7,2,210002,low_speed,3,0,-0.25,-0.25
1010244,rough_slope,7,2,210002,low_speed,4,0.25,0,0
1010245,rough_slope,7,2,210002,low_speed,5,-0.25,0,0
1010246,rough_slope,7,2,210002,low_speed,6,0,0.25,0.25
1010247,rough_slope,7,2,210002,low_speed,7,0,-0.25,-0.25
1010304,rough_slope,7,2,210002,normal_motion,0,0.75,0,0
1010305,rough_slope,7,2,210002,normal_motion,1,-0.75,0,0
1010306,rough_slope,7,2,210002,normal_motion,2,0,0.75,0.5
1010307,rough_slope,7,2,210002,normal_motion,3,0,-0.75,-0.5
1010308,rough_slope,7,2,210002,normal_motion,4,0.75,0,0
1010309,rough_slope,7,2,210002,normal_motion,5,-0.75,0,0
1010310,rough_slope,7,2,210002,normal_motion,6,0,0.75,0.5
1010311,rough_slope,7,2,210002,normal_motion,7,0,-0.75,-0.5
1010368,rough_slope,8,2,210000,standing,0,0,0,0
1010369,rough_slope,8,2,210000,standing,1,0,0,0
1010370,rough_slope,8,2,210000,standing,2,0,0,0
1010371,rough_slope,8,2,210000,standing,3,0,0,0
1010372,rough_slope,8,2,210000,standing,4,0,0,0
1010373,rough_slope,8,2,210000,standing,5,0,0,0
1010374,rough_slope,8,2,210000,standing,6,0,0,0
1010375,rough_slope,8,2,210000,standing,7,0,0,0
1010432,rough_slope,8,2,210000,low_speed,0,0.25,0,0
1010433,rough_slope,8,2,210000,low_speed,1,-0.25,0,0
1010434,rough_slope,8,2,210000,low_speed,2,0,0.25,0.25
1010435,rough_slope,8,2,210000,low_speed,3,0,-0.25,-0.25
1010436,rough_slope,8,2,210000,low_speed,4,0.25,0,0
1010437,rough_slope,8,2,210000,low_speed,5,-0.25,0,0
1010438,rough_slope,8,2,210000,low_speed,6,0,0.25,0.25
1010439,rough_slope,8,2,210000,low_speed,7,0,-0.25,-0.25
1010496,rough_slope,8,2,210000,normal_motion,0,0.75,0,0
1010497,rough_slope,8,2,210000,normal_motion,1,-0.75,0,0
1010498,rough_slope,8,2,210000,normal_motion,2,0,0.75,0.5
1010499,rough_slope,8,2,210000,normal_motion,3,0,-0.75,-0.5
1010500,rough_slope,8,2,210000,normal_motion,4,0.75,0,0
1010501,rough_slope,8,2,210000,normal_motion,5,-0.75,0,0
1010502,rough_slope,8,2,210000,normal_motion,6,0,0.75,0.5
1010503,rough_slope,8,2,210000,normal_motion,7,0,-0.75,-0.5
1010560,rough_slope,8,2,210001,standing,0,0,0,0
1010561,rough_slope,8,2,210001,standing,1,0,0,0
1010562,rough_slope,8,2,210001,standing,2,0,0,0
1010563,rough_slope,8,2,210001,standing,3,0,0,0
1010564,rough_slope,8,2,210001,standing,4,0,0,0
1010565,rough_slope,8,2,210001,standing,5,0,0,0
1010566,rough_slope,8,2,210001,standing,6,0,0,0
1010567,rough_slope,8,2,210001,standing,7,0,0,0
1010624,rough_slope,8,2,210001,low_speed,0,0.25,0,0
1010625,rough_slope,8,2,210001,low_speed,1,-0.25,0,0
1010626,rough_slope,8,2,210001,low_speed,2,0,0.25,0.25
1010627,rough_slope,8,2,210001,low_speed,3,0,-0.25,-0.25
1010628,rough_slope,8,2,210001,low_speed,4,0.25,0,0
1010629,rough_slope,8,2,210001,low_speed,5,-0.25,0,0
1010630,rough_slope,8,2,210001,low_speed,6,0,0.25,0.25
1010631,rough_slope,8,2,210001,low_speed,7,0,-0.25,-0.25
1010688,rough_slope,8,2,210001,normal_motion,0,0.75,0,0
1010689,rough_slope,8,2,210001,normal_motion,1,-0.75,0,0
1010690,rough_slope,8,2,210001,normal_motion,2,0,0.75,0.5
1010691,rough_slope,8,2,210001,normal_motion,3,0,-0.75,-0.5
1010692,rough_slope,8,2,210001,normal_motion,4,0.75,0,0
1010693,rough_slope,8,2,210001,normal_motion,5,-0.75,0,0
1010694,rough_slope,8,2,210001,normal_motion,6,0,0.75,0.5
1010695,rough_slope,8,2,210001,normal_motion,7,0,-0.75,-0.5
1010752,rough_slope,8,2,210002,standing,0,0,0,0
1010753,rough_slope,8,2,210002,standing,1,0,0,0
1010754,rough_slope,8,2,210002,standing,2,0,0,0
1010755,rough_slope,8,2,210002,standing,3,0,0,0
1010756,rough_slope,8,2,210002,standing,4,0,0,0
1010757,rough_slope,8,2,210002,standing,5,0,0,0
1010758,rough_slope,8,2,210002,standing,6,0,0,0
1010759,rough_slope,8,2,210002,standing,7,0,0,0
1010816,rough_slope,8,2,210002,low_speed,0,0.25,0,0
1010817,rough_slope,8,2,210002,low_speed,1,-0.25,0,0
1010818,rough_slope,8,2,210002,low_speed,2,0,0.25,0.25
1010819,rough_slope,8,2,210002,low_speed,3,0,-0.25,-0.25
1010820,rough_slope,8,2,210002,low_speed,4,0.25,0,0
1010821,rough_slope,8,2,210002,low_speed,5,-0.25,0,0
1010822,rough_slope,8,2,210002,low_speed,6,0,0.25,0.25
1010823,rough_slope,8,2,210002,low_speed,7,0,-0.25,-0.25
1010880,rough_slope,8,2,210002,normal_motion,0,0.75,0,0
1010881,rough_slope,8,2,210002,normal_motion,1,-0.75,0,0
1010882,rough_slope,8,2,210002,normal_motion,2,0,0.75,0.5
1010883,rough_slope,8,2,210002,normal_motion,3,0,-0.75,-0.5
1010884,rough_slope,8,2,210002,normal_motion,4,0.75,0,0
1010885,rough_slope,8,2,210002,normal_motion,5,-0.75,0,0
1010886,rough_slope,8,2,210002,normal_motion,6,0,0.75,0.5
1010887,rough_slope,8,2,210002,normal_motion,7,0,-0.75,-0.5
1010944,rough_slope,9,2,210000,standing,0,0,0,0
1010945,rough_slope,9,2,210000,standing,1,0,0,0
1010946,rough_slope,9,2,210000,standing,2,0,0,0
1010947,rough_slope,9,2,210000,standing,3,0,0,0
1010948,rough_slope,9,2,210000,standing,4,0,0,0
1010949,rough_slope,9,2,210000,standing,5,0,0,0
1010950,rough_slope,9,2,210000,standing,6,0,0,0
1010951,rough_slope,9,2,210000,standing,7,0,0,0
1011008,rough_slope,9,2,210000,low_speed,0,0.25,0,0
1011009,rough_slope,9,2,210000,low_speed,1,-0.25,0,0
1011010,rough_slope,9,2,210000,low_speed,2,0,0.25,0.25
1011011,rough_slope,9,2,210000,low_speed,3,0,-0.25,-0.25
1011012,rough_slope,9,2,210000,low_speed,4,0.25,0,0
1011013,rough_slope,9,2,210000,low_speed,5,-0.25,0,0
1011014,rough_slope,9,2,210000,low_speed,6,0,0.25,0.25
1011015,rough_slope,9,2,210000,low_speed,7,0,-0.25,-0.25
1011072,rough_slope,9,2,210000,normal_motion,0,0.75,0,0
1011073,rough_slope,9,2,210000,normal_motion,1,-0.75,0,0
1011074,rough_slope,9,2,210000,normal_motion,2,0,0.75,0.5
1011075,rough_slope,9,2,210000,normal_motion,3,0,-0.75,-0.5
1011076,rough_slope,9,2,210000,normal_motion,4,0.75,0,0
1011077,rough_slope,9,2,210000,normal_motion,5,-0.75,0,0
1011078,rough_slope,9,2,210000,normal_motion,6,0,0.75,0.5
1011079,rough_slope,9,2,210000,normal_motion,7,0,-0.75,-0.5
1011136,rough_slope,9,2,210001,standing,0,0,0,0
1011137,rough_slope,9,2,210001,standing,1,0,0,0
1011138,rough_slope,9,2,210001,standing,2,0,0,0
1011139,rough_slope,9,2,210001,standing,3,0,0,0
1011140,rough_slope,9,2,210001,standing,4,0,0,0
1011141,rough_slope,9,2,210001,standing,5,0,0,0
1011142,rough_slope,9,2,210001,standing,6,0,0,0
1011143,rough_slope,9,2,210001,standing,7,0,0,0
1011200,rough_slope,9,2,210001,low_speed,0,0.25,0,0
1011201,rough_slope,9,2,210001,low_speed,1,-0.25,0,0
1011202,rough_slope,9,2,210001,low_speed,2,0,0.25,0.25
1011203,rough_slope,9,2,210001,low_speed,3,0,-0.25,-0.25
1011204,rough_slope,9,2,210001,low_speed,4,0.25,0,0
1011205,rough_slope,9,2,210001,low_speed,5,-0.25,0,0
1011206,rough_slope,9,2,210001,low_speed,6,0,0.25,0.25
1011207,rough_slope,9,2,210001,low_speed,7,0,-0.25,-0.25
1011264,rough_slope,9,2,210001,normal_motion,0,0.75,0,0
1011265,rough_slope,9,2,210001,normal_motion,1,-0.75,0,0
1011266,rough_slope,9,2,210001,normal_motion,2,0,0.75,0.5
1011267,rough_slope,9,2,210001,normal_motion,3,0,-0.75,-0.5
1011268,rough_slope,9,2,210001,normal_motion,4,0.75,0,0
1011269,rough_slope,9,2,210001,normal_motion,5,-0.75,0,0
1011270,rough_slope,9,2,210001,normal_motion,6,0,0.75,0.5
1011271,rough_slope,9,2,210001,normal_motion,7,0,-0.75,-0.5
1011328,rough_slope,9,2,210002,standing,0,0,0,0
1011329,rough_slope,9,2,210002,standing,1,0,0,0
1011330,rough_slope,9,2,210002,standing,2,0,0,0
1011331,rough_slope,9,2,210002,standing,3,0,0,0
1011332,rough_slope,9,2,210002,standing,4,0,0,0
1011333,rough_slope,9,2,210002,standing,5,0,0,0
1011334,rough_slope,9,2,210002,standing,6,0,0,0
1011335,rough_slope,9,2,210002,standing,7,0,0,0
1011392,rough_slope,9,2,210002,low_speed,0,0.25,0,0
1011393,rough_slope,9,2,210002,low_speed,1,-0.25,0,0
1011394,rough_slope,9,2,210002,low_speed,2,0,0.25,0.25
1011395,rough_slope,9,2,210002,low_speed,3,0,-0.25,-0.25
1011396,rough_slope,9,2,210002,low_speed,4,0.25,0,0
1011397,rough_slope,9,2,210002,low_speed,5,-0.25,0,0
1011398,rough_slope,9,2,210002,low_speed,6,0,0.25,0.25
1011399,rough_slope,9,2,210002,low_speed,7,0,-0.25,-0.25
1011456,rough_slope,9,2,210002,normal_motion,0,0.75,0,0
1011457,rough_slope,9,2,210002,normal_motion,1,-0.75,0,0
1011458,rough_slope,9,2,210002,normal_motion,2,0,0.75,0.5
1011459,rough_slope,9,2,210002,normal_motion,3,0,-0.75,-0.5
1011460,rough_slope,9,2,210002,normal_motion,4,0.75,0,0
1011461,rough_slope,9,2,210002,normal_motion,5,-0.75,0,0
1011462,rough_slope,9,2,210002,normal_motion,6,0,0.75,0.5
1011463,rough_slope,9,2,210002,normal_motion,7,0,-0.75,-0.5
1011520,stairs_negative_step,0,4,210000,standing,0,0,0,0
1011521,stairs_negative_step,0,4,210000,standing,1,0,0,0
1011522,stairs_negative_step,0,4,210000,standing,2,0,0,0
1011523,stairs_negative_step,0,4,210000,standing,3,0,0,0
1011524,stairs_negative_step,0,4,210000,standing,4,0,0,0
1011525,stairs_negative_step,0,4,210000,standing,5,0,0,0
1011526,stairs_negative_step,0,4,210000,standing,6,0,0,0
1011527,stairs_negative_step,0,4,210000,standing,7,0,0,0
1011584,stairs_negative_step,0,4,210000,low_speed,0,0.25,0,0
1011585,stairs_negative_step,0,4,210000,low_speed,1,-0.25,0,0
1011586,stairs_negative_step,0,4,210000,low_speed,2,0,0.25,0.25
1011587,stairs_negative_step,0,4,210000,low_speed,3,0,-0.25,-0.25
1011588,stairs_negative_step,0,4,210000,low_speed,4,0.25,0,0
1011589,stairs_negative_step,0,4,210000,low_speed,5,-0.25,0,0
1011590,stairs_negative_step,0,4,210000,low_speed,6,0,0.25,0.25
1011591,stairs_negative_step,0,4,210000,low_speed,7,0,-0.25,-0.25
1011648,stairs_negative_step,0,4,210000,normal_motion,0,0.75,0,0
1011649,stairs_negative_step,0,4,210000,normal_motion,1,-0.75,0,0
1011650,stairs_negative_step,0,4,210000,normal_motion,2,0,0.75,0.5
1011651,stairs_negative_step,0,4,210000,normal_motion,3,0,-0.75,-0.5
1011652,stairs_negative_step,0,4,210000,normal_motion,4,0.75,0,0
1011653,stairs_negative_step,0,4,210000,normal_motion,5,-0.75,0,0
1011654,stairs_negative_step,0,4,210000,normal_motion,6,0,0.75,0.5
1011655,stairs_negative_step,0,4,210000,normal_motion,7,0,-0.75,-0.5
1011712,stairs_negative_step,0,4,210001,standing,0,0,0,0
1011713,stairs_negative_step,0,4,210001,standing,1,0,0,0
1011714,stairs_negative_step,0,4,210001,standing,2,0,0,0
1011715,stairs_negative_step,0,4,210001,standing,3,0,0,0
1011716,stairs_negative_step,0,4,210001,standing,4,0,0,0
1011717,stairs_negative_step,0,4,210001,standing,5,0,0,0
1011718,stairs_negative_step,0,4,210001,standing,6,0,0,0
1011719,stairs_negative_step,0,4,210001,standing,7,0,0,0
1011776,stairs_negative_step,0,4,210001,low_speed,0,0.25,0,0
1011777,stairs_negative_step,0,4,210001,low_speed,1,-0.25,0,0
1011778,stairs_negative_step,0,4,210001,low_speed,2,0,0.25,0.25
1011779,stairs_negative_step,0,4,210001,low_speed,3,0,-0.25,-0.25
1011780,stairs_negative_step,0,4,210001,low_speed,4,0.25,0,0
1011781,stairs_negative_step,0,4,210001,low_speed,5,-0.25,0,0
1011782,stairs_negative_step,0,4,210001,low_speed,6,0,0.25,0.25
1011783,stairs_negative_step,0,4,210001,low_speed,7,0,-0.25,-0.25
1011840,stairs_negative_step,0,4,210001,normal_motion,0,0.75,0,0
1011841,stairs_negative_step,0,4,210001,normal_motion,1,-0.75,0,0
1011842,stairs_negative_step,0,4,210001,normal_motion,2,0,0.75,0.5
1011843,stairs_negative_step,0,4,210001,normal_motion,3,0,-0.75,-0.5
1011844,stairs_negative_step,0,4,210001,normal_motion,4,0.75,0,0
1011845,stairs_negative_step,0,4,210001,normal_motion,5,-0.75,0,0
1011846,stairs_negative_step,0,4,210001,normal_motion,6,0,0.75,0.5
1011847,stairs_negative_step,0,4,210001,normal_motion,7,0,-0.75,-0.5
1011904,stairs_negative_step,0,4,210002,standing,0,0,0,0
1011905,stairs_negative_step,0,4,210002,standing,1,0,0,0
1011906,stairs_negative_step,0,4,210002,standing,2,0,0,0
1011907,stairs_negative_step,0,4,210002,standing,3,0,0,0
1011908,stairs_negative_step,0,4,210002,standing,4,0,0,0
1011909,stairs_negative_step,0,4,210002,standing,5,0,0,0
1011910,stairs_negative_step,0,4,210002,standing,6,0,0,0
1011911,stairs_negative_step,0,4,210002,standing,7,0,0,0
1011968,stairs_negative_step,0,4,210002,low_speed,0,0.25,0,0
1011969,stairs_negative_step,0,4,210002,low_speed,1,-0.25,0,0
1011970,stairs_negative_step,0,4,210002,low_speed,2,0,0.25,0.25
1011971,stairs_negative_step,0,4,210002,low_speed,3,0,-0.25,-0.25
1011972,stairs_negative_step,0,4,210002,low_speed,4,0.25,0,0
1011973,stairs_negative_step,0,4,210002,low_speed,5,-0.25,0,0
1011974,stairs_negative_step,0,4,210002,low_speed,6,0,0.25,0.25
1011975,stairs_negative_step,0,4,210002,low_speed,7,0,-0.25,-0.25
1012032,stairs_negative_step,0,4,210002,normal_motion,0,0.75,0,0
1012033,stairs_negative_step,0,4,210002,normal_motion,1,-0.75,0,0
1012034,stairs_negative_step,0,4,210002,normal_motion,2,0,0.75,0.5
1012035,stairs_negative_step,0,4,210002,normal_motion,3,0,-0.75,-0.5
1012036,stairs_negative_step,0,4,210002,normal_motion,4,0.75,0,0
1012037,stairs_negative_step,0,4,210002,normal_motion,5,-0.75,0,0
1012038,stairs_negative_step,0,4,210002,normal_motion,6,0,0.75,0.5
1012039,stairs_negative_step,0,4,210002,normal_motion,7,0,-0.75,-0.5
1012096,stairs_negative_step,1,4,210000,standing,0,0,0,0
1012097,stairs_negative_step,1,4,210000,standing,1,0,0,0
1012098,stairs_negative_step,1,4,210000,standing,2,0,0,0
1012099,stairs_negative_step,1,4,210000,standing,3,0,0,0
1012100,stairs_negative_step,1,4,210000,standing,4,0,0,0
1012101,stairs_negative_step,1,4,210000,standing,5,0,0,0
1012102,stairs_negative_step,1,4,210000,standing,6,0,0,0
1012103,stairs_negative_step,1,4,210000,standing,7,0,0,0
1012160,stairs_negative_step,1,4,210000,low_speed,0,0.25,0,0
1012161,stairs_negative_step,1,4,210000,low_speed,1,-0.25,0,0
1012162,stairs_negative_step,1,4,210000,low_speed,2,0,0.25,0.25
1012163,stairs_negative_step,1,4,210000,low_speed,3,0,-0.25,-0.25
1012164,stairs_negative_step,1,4,210000,low_speed,4,0.25,0,0
1012165,stairs_negative_step,1,4,210000,low_speed,5,-0.25,0,0
1012166,stairs_negative_step,1,4,210000,low_speed,6,0,0.25,0.25
1012167,stairs_negative_step,1,4,210000,low_speed,7,0,-0.25,-0.25
1012224,stairs_negative_step,1,4,210000,normal_motion,0,0.75,0,0
1012225,stairs_negative_step,1,4,210000,normal_motion,1,-0.75,0,0
1012226,stairs_negative_step,1,4,210000,normal_motion,2,0,0.75,0.5
1012227,stairs_negative_step,1,4,210000,normal_motion,3,0,-0.75,-0.5
1012228,stairs_negative_step,1,4,210000,normal_motion,4,0.75,0,0
1012229,stairs_negative_step,1,4,210000,normal_motion,5,-0.75,0,0
1012230,stairs_negative_step,1,4,210000,normal_motion,6,0,0.75,0.5
1012231,stairs_negative_step,1,4,210000,normal_motion,7,0,-0.75,-0.5
1012288,stairs_negative_step,1,4,210001,standing,0,0,0,0
1012289,stairs_negative_step,1,4,210001,standing,1,0,0,0
1012290,stairs_negative_step,1,4,210001,standing,2,0,0,0
1012291,stairs_negative_step,1,4,210001,standing,3,0,0,0
1012292,stairs_negative_step,1,4,210001,standing,4,0,0,0
1012293,stairs_negative_step,1,4,210001,standing,5,0,0,0
1012294,stairs_negative_step,1,4,210001,standing,6,0,0,0
1012295,stairs_negative_step,1,4,210001,standing,7,0,0,0
1012352,stairs_negative_step,1,4,210001,low_speed,0,0.25,0,0
1012353,stairs_negative_step,1,4,210001,low_speed,1,-0.25,0,0
1012354,stairs_negative_step,1,4,210001,low_speed,2,0,0.25,0.25
1012355,stairs_negative_step,1,4,210001,low_speed,3,0,-0.25,-0.25
1012356,stairs_negative_step,1,4,210001,low_speed,4,0.25,0,0
1012357,stairs_negative_step,1,4,210001,low_speed,5,-0.25,0,0
1012358,stairs_negative_step,1,4,210001,low_speed,6,0,0.25,0.25
1012359,stairs_negative_step,1,4,210001,low_speed,7,0,-0.25,-0.25
1012416,stairs_negative_step,1,4,210001,normal_motion,0,0.75,0,0
1012417,stairs_negative_step,1,4,210001,normal_motion,1,-0.75,0,0
1012418,stairs_negative_step,1,4,210001,normal_motion,2,0,0.75,0.5
1012419,stairs_negative_step,1,4,210001,normal_motion,3,0,-0.75,-0.5
1012420,stairs_negative_step,1,4,210001,normal_motion,4,0.75,0,0
1012421,stairs_negative_step,1,4,210001,normal_motion,5,-0.75,0,0
1012422,stairs_negative_step,1,4,210001,normal_motion,6,0,0.75,0.5
1012423,stairs_negative_step,1,4,210001,normal_motion,7,0,-0.75,-0.5
1012480,stairs_negative_step,1,4,210002,standing,0,0,0,0
1012481,stairs_negative_step,1,4,210002,standing,1,0,0,0
1012482,stairs_negative_step,1,4,210002,standing,2,0,0,0
1012483,stairs_negative_step,1,4,210002,standing,3,0,0,0
1012484,stairs_negative_step,1,4,210002,standing,4,0,0,0
1012485,stairs_negative_step,1,4,210002,standing,5,0,0,0
1012486,stairs_negative_step,1,4,210002,standing,6,0,0,0
1012487,stairs_negative_step,1,4,210002,standing,7,0,0,0
1012544,stairs_negative_step,1,4,210002,low_speed,0,0.25,0,0
1012545,stairs_negative_step,1,4,210002,low_speed,1,-0.25,0,0
1012546,stairs_negative_step,1,4,210002,low_speed,2,0,0.25,0.25
1012547,stairs_negative_step,1,4,210002,low_speed,3,0,-0.25,-0.25
1012548,stairs_negative_step,1,4,210002,low_speed,4,0.25,0,0
1012549,stairs_negative_step,1,4,210002,low_speed,5,-0.25,0,0
1012550,stairs_negative_step,1,4,210002,low_speed,6,0,0.25,0.25
1012551,stairs_negative_step,1,4,210002,low_speed,7,0,-0.25,-0.25
1012608,stairs_negative_step,1,4,210002,normal_motion,0,0.75,0,0
1012609,stairs_negative_step,1,4,210002,normal_motion,1,-0.75,0,0
1012610,stairs_negative_step,1,4,210002,normal_motion,2,0,0.75,0.5
1012611,stairs_negative_step,1,4,210002,normal_motion,3,0,-0.75,-0.5
1012612,stairs_negative_step,1,4,210002,normal_motion,4,0.75,0,0
1012613,stairs_negative_step,1,4,210002,normal_motion,5,-0.75,0,0
1012614,stairs_negative_step,1,4,210002,normal_motion,6,0,0.75,0.5
1012615,stairs_negative_step,1,4,210002,normal_motion,7,0,-0.75,-0.5
1012672,stairs_negative_step,2,4,210000,standing,0,0,0,0
1012673,stairs_negative_step,2,4,210000,standing,1,0,0,0
1012674,stairs_negative_step,2,4,210000,standing,2,0,0,0
1012675,stairs_negative_step,2,4,210000,standing,3,0,0,0
1012676,stairs_negative_step,2,4,210000,standing,4,0,0,0
1012677,stairs_negative_step,2,4,210000,standing,5,0,0,0
1012678,stairs_negative_step,2,4,210000,standing,6,0,0,0
1012679,stairs_negative_step,2,4,210000,standing,7,0,0,0
1012736,stairs_negative_step,2,4,210000,low_speed,0,0.25,0,0
1012737,stairs_negative_step,2,4,210000,low_speed,1,-0.25,0,0
1012738,stairs_negative_step,2,4,210000,low_speed,2,0,0.25,0.25
1012739,stairs_negative_step,2,4,210000,low_speed,3,0,-0.25,-0.25
1012740,stairs_negative_step,2,4,210000,low_speed,4,0.25,0,0
1012741,stairs_negative_step,2,4,210000,low_speed,5,-0.25,0,0
1012742,stairs_negative_step,2,4,210000,low_speed,6,0,0.25,0.25
1012743,stairs_negative_step,2,4,210000,low_speed,7,0,-0.25,-0.25
1012800,stairs_negative_step,2,4,210000,normal_motion,0,0.75,0,0
1012801,stairs_negative_step,2,4,210000,normal_motion,1,-0.75,0,0
1012802,stairs_negative_step,2,4,210000,normal_motion,2,0,0.75,0.5
1012803,stairs_negative_step,2,4,210000,normal_motion,3,0,-0.75,-0.5
1012804,stairs_negative_step,2,4,210000,normal_motion,4,0.75,0,0
1012805,stairs_negative_step,2,4,210000,normal_motion,5,-0.75,0,0
1012806,stairs_negative_step,2,4,210000,normal_motion,6,0,0.75,0.5
1012807,stairs_negative_step,2,4,210000,normal_motion,7,0,-0.75,-0.5
1012864,stairs_negative_step,2,4,210001,standing,0,0,0,0
1012865,stairs_negative_step,2,4,210001,standing,1,0,0,0
1012866,stairs_negative_step,2,4,210001,standing,2,0,0,0
1012867,stairs_negative_step,2,4,210001,standing,3,0,0,0
1012868,stairs_negative_step,2,4,210001,standing,4,0,0,0
1012869,stairs_negative_step,2,4,210001,standing,5,0,0,0
1012870,stairs_negative_step,2,4,210001,standing,6,0,0,0
1012871,stairs_negative_step,2,4,210001,standing,7,0,0,0
1012928,stairs_negative_step,2,4,210001,low_speed,0,0.25,0,0
1012929,stairs_negative_step,2,4,210001,low_speed,1,-0.25,0,0
1012930,stairs_negative_step,2,4,210001,low_speed,2,0,0.25,0.25
1012931,stairs_negative_step,2,4,210001,low_speed,3,0,-0.25,-0.25
1012932,stairs_negative_step,2,4,210001,low_speed,4,0.25,0,0
1012933,stairs_negative_step,2,4,210001,low_speed,5,-0.25,0,0
1012934,stairs_negative_step,2,4,210001,low_speed,6,0,0.25,0.25
1012935,stairs_negative_step,2,4,210001,low_speed,7,0,-0.25,-0.25
1012992,stairs_negative_step,2,4,210001,normal_motion,0,0.75,0,0
1012993,stairs_negative_step,2,4,210001,normal_motion,1,-0.75,0,0
1012994,stairs_negative_step,2,4,210001,normal_motion,2,0,0.75,0.5
1012995,stairs_negative_step,2,4,210001,normal_motion,3,0,-0.75,-0.5
1012996,stairs_negative_step,2,4,210001,normal_motion,4,0.75,0,0
1012997,stairs_negative_step,2,4,210001,normal_motion,5,-0.75,0,0
1012998,stairs_negative_step,2,4,210001,normal_motion,6,0,0.75,0.5
1012999,stairs_negative_step,2,4,210001,normal_motion,7,0,-0.75,-0.5
1013056,stairs_negative_step,2,4,210002,standing,0,0,0,0
1013057,stairs_negative_step,2,4,210002,standing,1,0,0,0
1013058,stairs_negative_step,2,4,210002,standing,2,0,0,0
1013059,stairs_negative_step,2,4,210002,standing,3,0,0,0
1013060,stairs_negative_step,2,4,210002,standing,4,0,0,0
1013061,stairs_negative_step,2,4,210002,standing,5,0,0,0
1013062,stairs_negative_step,2,4,210002,standing,6,0,0,0
1013063,stairs_negative_step,2,4,210002,standing,7,0,0,0
1013120,stairs_negative_step,2,4,210002,low_speed,0,0.25,0,0
1013121,stairs_negative_step,2,4,210002,low_speed,1,-0.25,0,0
1013122,stairs_negative_step,2,4,210002,low_speed,2,0,0.25,0.25
1013123,stairs_negative_step,2,4,210002,low_speed,3,0,-0.25,-0.25
1013124,stairs_negative_step,2,4,210002,low_speed,4,0.25,0,0
1013125,stairs_negative_step,2,4,210002,low_speed,5,-0.25,0,0
1013126,stairs_negative_step,2,4,210002,low_speed,6,0,0.25,0.25
1013127,stairs_negative_step,2,4,210002,low_speed,7,0,-0.25,-0.25
1013184,stairs_negative_step,2,4,210002,normal_motion,0,0.75,0,0
1013185,stairs_negative_step,2,4,210002,normal_motion,1,-0.75,0,0
1013186,stairs_negative_step,2,4,210002,normal_motion,2,0,0.75,0.5
1013187,stairs_negative_step,2,4,210002,normal_motion,3,0,-0.75,-0.5
1013188,stairs_negative_step,2,4,210002,normal_motion,4,0.75,0,0
1013189,stairs_negative_step,2,4,210002,normal_motion,5,-0.75,0,0
1013190,stairs_negative_step,2,4,210002,normal_motion,6,0,0.75,0.5
1013191,stairs_negative_step,2,4,210002,normal_motion,7,0,-0.75,-0.5
1013248,stairs_negative_step,3,4,210000,standing,0,0,0,0
1013249,stairs_negative_step,3,4,210000,standing,1,0,0,0
1013250,stairs_negative_step,3,4,210000,standing,2,0,0,0
1013251,stairs_negative_step,3,4,210000,standing,3,0,0,0
1013252,stairs_negative_step,3,4,210000,standing,4,0,0,0
1013253,stairs_negative_step,3,4,210000,standing,5,0,0,0
1013254,stairs_negative_step,3,4,210000,standing,6,0,0,0
1013255,stairs_negative_step,3,4,210000,standing,7,0,0,0
1013312,stairs_negative_step,3,4,210000,low_speed,0,0.25,0,0
1013313,stairs_negative_step,3,4,210000,low_speed,1,-0.25,0,0
1013314,stairs_negative_step,3,4,210000,low_speed,2,0,0.25,0.25
1013315,stairs_negative_step,3,4,210000,low_speed,3,0,-0.25,-0.25
1013316,stairs_negative_step,3,4,210000,low_speed,4,0.25,0,0
1013317,stairs_negative_step,3,4,210000,low_speed,5,-0.25,0,0
1013318,stairs_negative_step,3,4,210000,low_speed,6,0,0.25,0.25
1013319,stairs_negative_step,3,4,210000,low_speed,7,0,-0.25,-0.25
1013376,stairs_negative_step,3,4,210000,normal_motion,0,0.75,0,0
1013377,stairs_negative_step,3,4,210000,normal_motion,1,-0.75,0,0
1013378,stairs_negative_step,3,4,210000,normal_motion,2,0,0.75,0.5
1013379,stairs_negative_step,3,4,210000,normal_motion,3,0,-0.75,-0.5
1013380,stairs_negative_step,3,4,210000,normal_motion,4,0.75,0,0
1013381,stairs_negative_step,3,4,210000,normal_motion,5,-0.75,0,0
1013382,stairs_negative_step,3,4,210000,normal_motion,6,0,0.75,0.5
1013383,stairs_negative_step,3,4,210000,normal_motion,7,0,-0.75,-0.5
1013440,stairs_negative_step,3,4,210001,standing,0,0,0,0
1013441,stairs_negative_step,3,4,210001,standing,1,0,0,0
1013442,stairs_negative_step,3,4,210001,standing,2,0,0,0
1013443,stairs_negative_step,3,4,210001,standing,3,0,0,0
1013444,stairs_negative_step,3,4,210001,standing,4,0,0,0
1013445,stairs_negative_step,3,4,210001,standing,5,0,0,0
1013446,stairs_negative_step,3,4,210001,standing,6,0,0,0
1013447,stairs_negative_step,3,4,210001,standing,7,0,0,0
1013504,stairs_negative_step,3,4,210001,low_speed,0,0.25,0,0
1013505,stairs_negative_step,3,4,210001,low_speed,1,-0.25,0,0
1013506,stairs_negative_step,3,4,210001,low_speed,2,0,0.25,0.25
1013507,stairs_negative_step,3,4,210001,low_speed,3,0,-0.25,-0.25
1013508,stairs_negative_step,3,4,210001,low_speed,4,0.25,0,0
1013509,stairs_negative_step,3,4,210001,low_speed,5,-0.25,0,0
1013510,stairs_negative_step,3,4,210001,low_speed,6,0,0.25,0.25
1013511,stairs_negative_step,3,4,210001,low_speed,7,0,-0.25,-0.25
1013568,stairs_negative_step,3,4,210001,normal_motion,0,0.75,0,0
1013569,stairs_negative_step,3,4,210001,normal_motion,1,-0.75,0,0
1013570,stairs_negative_step,3,4,210001,normal_motion,2,0,0.75,0.5
1013571,stairs_negative_step,3,4,210001,normal_motion,3,0,-0.75,-0.5
1013572,stairs_negative_step,3,4,210001,normal_motion,4,0.75,0,0
1013573,stairs_negative_step,3,4,210001,normal_motion,5,-0.75,0,0
1013574,stairs_negative_step,3,4,210001,normal_motion,6,0,0.75,0.5
1013575,stairs_negative_step,3,4,210001,normal_motion,7,0,-0.75,-0.5
1013632,stairs_negative_step,3,4,210002,standing,0,0,0,0
1013633,stairs_negative_step,3,4,210002,standing,1,0,0,0
1013634,stairs_negative_step,3,4,210002,standing,2,0,0,0
1013635,stairs_negative_step,3,4,210002,standing,3,0,0,0
1013636,stairs_negative_step,3,4,210002,standing,4,0,0,0
1013637,stairs_negative_step,3,4,210002,standing,5,0,0,0
1013638,stairs_negative_step,3,4,210002,standing,6,0,0,0
1013639,stairs_negative_step,3,4,210002,standing,7,0,0,0
1013696,stairs_negative_step,3,4,210002,low_speed,0,0.25,0,0
1013697,stairs_negative_step,3,4,210002,low_speed,1,-0.25,0,0
1013698,stairs_negative_step,3,4,210002,low_speed,2,0,0.25,0.25
1013699,stairs_negative_step,3,4,210002,low_speed,3,0,-0.25,-0.25
1013700,stairs_negative_step,3,4,210002,low_speed,4,0.25,0,0
1013701,stairs_negative_step,3,4,210002,low_speed,5,-0.25,0,0
1013702,stairs_negative_step,3,4,210002,low_speed,6,0,0.25,0.25
1013703,stairs_negative_step,3,4,210002,low_speed,7,0,-0.25,-0.25
1013760,stairs_negative_step,3,4,210002,normal_motion,0,0.75,0,0
1013761,stairs_negative_step,3,4,210002,normal_motion,1,-0.75,0,0
1013762,stairs_negative_step,3,4,210002,normal_motion,2,0,0.75,0.5
1013763,stairs_negative_step,3,4,210002,normal_motion,3,0,-0.75,-0.5
1013764,stairs_negative_step,3,4,210002,normal_motion,4,0.75,0,0
1013765,stairs_negative_step,3,4,210002,normal_motion,5,-0.75,0,0
1013766,stairs_negative_step,3,4,210002,normal_motion,6,0,0.75,0.5
1013767,stairs_negative_step,3,4,210002,normal_motion,7,0,-0.75,-0.5
1013824,stairs_negative_step,4,4,210000,standing,0,0,0,0
1013825,stairs_negative_step,4,4,210000,standing,1,0,0,0
1013826,stairs_negative_step,4,4,210000,standing,2,0,0,0
1013827,stairs_negative_step,4,4,210000,standing,3,0,0,0
1013828,stairs_negative_step,4,4,210000,standing,4,0,0,0
1013829,stairs_negative_step,4,4,210000,standing,5,0,0,0
1013830,stairs_negative_step,4,4,210000,standing,6,0,0,0
1013831,stairs_negative_step,4,4,210000,standing,7,0,0,0
1013888,stairs_negative_step,4,4,210000,low_speed,0,0.25,0,0
1013889,stairs_negative_step,4,4,210000,low_speed,1,-0.25,0,0
1013890,stairs_negative_step,4,4,210000,low_speed,2,0,0.25,0.25
1013891,stairs_negative_step,4,4,210000,low_speed,3,0,-0.25,-0.25
1013892,stairs_negative_step,4,4,210000,low_speed,4,0.25,0,0
1013893,stairs_negative_step,4,4,210000,low_speed,5,-0.25,0,0
1013894,stairs_negative_step,4,4,210000,low_speed,6,0,0.25,0.25
1013895,stairs_negative_step,4,4,210000,low_speed,7,0,-0.25,-0.25
1013952,stairs_negative_step,4,4,210000,normal_motion,0,0.75,0,0
1013953,stairs_negative_step,4,4,210000,normal_motion,1,-0.75,0,0
1013954,stairs_negative_step,4,4,210000,normal_motion,2,0,0.75,0.5
1013955,stairs_negative_step,4,4,210000,normal_motion,3,0,-0.75,-0.5
1013956,stairs_negative_step,4,4,210000,normal_motion,4,0.75,0,0
1013957,stairs_negative_step,4,4,210000,normal_motion,5,-0.75,0,0
1013958,stairs_negative_step,4,4,210000,normal_motion,6,0,0.75,0.5
1013959,stairs_negative_step,4,4,210000,normal_motion,7,0,-0.75,-0.5
1014016,stairs_negative_step,4,4,210001,standing,0,0,0,0
1014017,stairs_negative_step,4,4,210001,standing,1,0,0,0
1014018,stairs_negative_step,4,4,210001,standing,2,0,0,0
1014019,stairs_negative_step,4,4,210001,standing,3,0,0,0
1014020,stairs_negative_step,4,4,210001,standing,4,0,0,0
1014021,stairs_negative_step,4,4,210001,standing,5,0,0,0
1014022,stairs_negative_step,4,4,210001,standing,6,0,0,0
1014023,stairs_negative_step,4,4,210001,standing,7,0,0,0
1014080,stairs_negative_step,4,4,210001,low_speed,0,0.25,0,0
1014081,stairs_negative_step,4,4,210001,low_speed,1,-0.25,0,0
1014082,stairs_negative_step,4,4,210001,low_speed,2,0,0.25,0.25
1014083,stairs_negative_step,4,4,210001,low_speed,3,0,-0.25,-0.25
1014084,stairs_negative_step,4,4,210001,low_speed,4,0.25,0,0
1014085,stairs_negative_step,4,4,210001,low_speed,5,-0.25,0,0
1014086,stairs_negative_step,4,4,210001,low_speed,6,0,0.25,0.25
1014087,stairs_negative_step,4,4,210001,low_speed,7,0,-0.25,-0.25
1014144,stairs_negative_step,4,4,210001,normal_motion,0,0.75,0,0
1014145,stairs_negative_step,4,4,210001,normal_motion,1,-0.75,0,0
1014146,stairs_negative_step,4,4,210001,normal_motion,2,0,0.75,0.5
1014147,stairs_negative_step,4,4,210001,normal_motion,3,0,-0.75,-0.5
1014148,stairs_negative_step,4,4,210001,normal_motion,4,0.75,0,0
1014149,stairs_negative_step,4,4,210001,normal_motion,5,-0.75,0,0
1014150,stairs_negative_step,4,4,210001,normal_motion,6,0,0.75,0.5
1014151,stairs_negative_step,4,4,210001,normal_motion,7,0,-0.75,-0.5
1014208,stairs_negative_step,4,4,210002,standing,0,0,0,0
1014209,stairs_negative_step,4,4,210002,standing,1,0,0,0
1014210,stairs_negative_step,4,4,210002,standing,2,0,0,0
1014211,stairs_negative_step,4,4,210002,standing,3,0,0,0
1014212,stairs_negative_step,4,4,210002,standing,4,0,0,0
1014213,stairs_negative_step,4,4,210002,standing,5,0,0,0
1014214,stairs_negative_step,4,4,210002,standing,6,0,0,0
1014215,stairs_negative_step,4,4,210002,standing,7,0,0,0
1014272,stairs_negative_step,4,4,210002,low_speed,0,0.25,0,0
1014273,stairs_negative_step,4,4,210002,low_speed,1,-0.25,0,0
1014274,stairs_negative_step,4,4,210002,low_speed,2,0,0.25,0.25
1014275,stairs_negative_step,4,4,210002,low_speed,3,0,-0.25,-0.25
1014276,stairs_negative_step,4,4,210002,low_speed,4,0.25,0,0
1014277,stairs_negative_step,4,4,210002,low_speed,5,-0.25,0,0
1014278,stairs_negative_step,4,4,210002,low_speed,6,0,0.25,0.25
1014279,stairs_negative_step,4,4,210002,low_speed,7,0,-0.25,-0.25
1014336,stairs_negative_step,4,4,210002,normal_motion,0,0.75,0,0
1014337,stairs_negative_step,4,4,210002,normal_motion,1,-0.75,0,0
1014338,stairs_negative_step,4,4,210002,normal_motion,2,0,0.75,0.5
1014339,stairs_negative_step,4,4,210002,normal_motion,3,0,-0.75,-0.5
1014340,stairs_negative_step,4,4,210002,normal_motion,4,0.75,0,0
1014341,stairs_negative_step,4,4,210002,normal_motion,5,-0.75,0,0
1014342,stairs_negative_step,4,4,210002,normal_motion,6,0,0.75,0.5
1014343,stairs_negative_step,4,4,210002,normal_motion,7,0,-0.75,-0.5
1014400,stairs_negative_step,5,4,210000,standing,0,0,0,0
1014401,stairs_negative_step,5,4,210000,standing,1,0,0,0
1014402,stairs_negative_step,5,4,210000,standing,2,0,0,0
1014403,stairs_negative_step,5,4,210000,standing,3,0,0,0
1014404,stairs_negative_step,5,4,210000,standing,4,0,0,0
1014405,stairs_negative_step,5,4,210000,standing,5,0,0,0
1014406,stairs_negative_step,5,4,210000,standing,6,0,0,0
1014407,stairs_negative_step,5,4,210000,standing,7,0,0,0
1014464,stairs_negative_step,5,4,210000,low_speed,0,0.25,0,0
1014465,stairs_negative_step,5,4,210000,low_speed,1,-0.25,0,0
1014466,stairs_negative_step,5,4,210000,low_speed,2,0,0.25,0.25
1014467,stairs_negative_step,5,4,210000,low_speed,3,0,-0.25,-0.25
1014468,stairs_negative_step,5,4,210000,low_speed,4,0.25,0,0
1014469,stairs_negative_step,5,4,210000,low_speed,5,-0.25,0,0
1014470,stairs_negative_step,5,4,210000,low_speed,6,0,0.25,0.25
1014471,stairs_negative_step,5,4,210000,low_speed,7,0,-0.25,-0.25
1014528,stairs_negative_step,5,4,210000,normal_motion,0,0.75,0,0
1014529,stairs_negative_step,5,4,210000,normal_motion,1,-0.75,0,0
1014530,stairs_negative_step,5,4,210000,normal_motion,2,0,0.75,0.5
1014531,stairs_negative_step,5,4,210000,normal_motion,3,0,-0.75,-0.5
1014532,stairs_negative_step,5,4,210000,normal_motion,4,0.75,0,0
1014533,stairs_negative_step,5,4,210000,normal_motion,5,-0.75,0,0
1014534,stairs_negative_step,5,4,210000,normal_motion,6,0,0.75,0.5
1014535,stairs_negative_step,5,4,210000,normal_motion,7,0,-0.75,-0.5
1014592,stairs_negative_step,5,4,210001,standing,0,0,0,0
1014593,stairs_negative_step,5,4,210001,standing,1,0,0,0
1014594,stairs_negative_step,5,4,210001,standing,2,0,0,0
1014595,stairs_negative_step,5,4,210001,standing,3,0,0,0
1014596,stairs_negative_step,5,4,210001,standing,4,0,0,0
1014597,stairs_negative_step,5,4,210001,standing,5,0,0,0
1014598,stairs_negative_step,5,4,210001,standing,6,0,0,0
1014599,stairs_negative_step,5,4,210001,standing,7,0,0,0
1014656,stairs_negative_step,5,4,210001,low_speed,0,0.25,0,0
1014657,stairs_negative_step,5,4,210001,low_speed,1,-0.25,0,0
1014658,stairs_negative_step,5,4,210001,low_speed,2,0,0.25,0.25
1014659,stairs_negative_step,5,4,210001,low_speed,3,0,-0.25,-0.25
1014660,stairs_negative_step,5,4,210001,low_speed,4,0.25,0,0
1014661,stairs_negative_step,5,4,210001,low_speed,5,-0.25,0,0
1014662,stairs_negative_step,5,4,210001,low_speed,6,0,0.25,0.25
1014663,stairs_negative_step,5,4,210001,low_speed,7,0,-0.25,-0.25
1014720,stairs_negative_step,5,4,210001,normal_motion,0,0.75,0,0
1014721,stairs_negative_step,5,4,210001,normal_motion,1,-0.75,0,0
1014722,stairs_negative_step,5,4,210001,normal_motion,2,0,0.75,0.5
1014723,stairs_negative_step,5,4,210001,normal_motion,3,0,-0.75,-0.5
1014724,stairs_negative_step,5,4,210001,normal_motion,4,0.75,0,0
1014725,stairs_negative_step,5,4,210001,normal_motion,5,-0.75,0,0
1014726,stairs_negative_step,5,4,210001,normal_motion,6,0,0.75,0.5
1014727,stairs_negative_step,5,4,210001,normal_motion,7,0,-0.75,-0.5
1014784,stairs_negative_step,5,4,210002,standing,0,0,0,0
1014785,stairs_negative_step,5,4,210002,standing,1,0,0,0
1014786,stairs_negative_step,5,4,210002,standing,2,0,0,0
1014787,stairs_negative_step,5,4,210002,standing,3,0,0,0
1014788,stairs_negative_step,5,4,210002,standing,4,0,0,0
1014789,stairs_negative_step,5,4,210002,standing,5,0,0,0
1014790,stairs_negative_step,5,4,210002,standing,6,0,0,0
1014791,stairs_negative_step,5,4,210002,standing,7,0,0,0
1014848,stairs_negative_step,5,4,210002,low_speed,0,0.25,0,0
1014849,stairs_negative_step,5,4,210002,low_speed,1,-0.25,0,0
1014850,stairs_negative_step,5,4,210002,low_speed,2,0,0.25,0.25
1014851,stairs_negative_step,5,4,210002,low_speed,3,0,-0.25,-0.25
1014852,stairs_negative_step,5,4,210002,low_speed,4,0.25,0,0
1014853,stairs_negative_step,5,4,210002,low_speed,5,-0.25,0,0
1014854,stairs_negative_step,5,4,210002,low_speed,6,0,0.25,0.25
1014855,stairs_negative_step,5,4,210002,low_speed,7,0,-0.25,-0.25
1014912,stairs_negative_step,5,4,210002,normal_motion,0,0.75,0,0
1014913,stairs_negative_step,5,4,210002,normal_motion,1,-0.75,0,0
1014914,stairs_negative_step,5,4,210002,normal_motion,2,0,0.75,0.5
1014915,stairs_negative_step,5,4,210002,normal_motion,3,0,-0.75,-0.5
1014916,stairs_negative_step,5,4,210002,normal_motion,4,0.75,0,0
1014917,stairs_negative_step,5,4,210002,normal_motion,5,-0.75,0,0
1014918,stairs_negative_step,5,4,210002,normal_motion,6,0,0.75,0.5
1014919,stairs_negative_step,5,4,210002,normal_motion,7,0,-0.75,-0.5
1014976,stairs_negative_step,6,4,210000,standing,0,0,0,0
1014977,stairs_negative_step,6,4,210000,standing,1,0,0,0
1014978,stairs_negative_step,6,4,210000,standing,2,0,0,0
1014979,stairs_negative_step,6,4,210000,standing,3,0,0,0
1014980,stairs_negative_step,6,4,210000,standing,4,0,0,0
1014981,stairs_negative_step,6,4,210000,standing,5,0,0,0
1014982,stairs_negative_step,6,4,210000,standing,6,0,0,0
1014983,stairs_negative_step,6,4,210000,standing,7,0,0,0
1015040,stairs_negative_step,6,4,210000,low_speed,0,0.25,0,0
1015041,stairs_negative_step,6,4,210000,low_speed,1,-0.25,0,0
1015042,stairs_negative_step,6,4,210000,low_speed,2,0,0.25,0.25
1015043,stairs_negative_step,6,4,210000,low_speed,3,0,-0.25,-0.25
1015044,stairs_negative_step,6,4,210000,low_speed,4,0.25,0,0
1015045,stairs_negative_step,6,4,210000,low_speed,5,-0.25,0,0
1015046,stairs_negative_step,6,4,210000,low_speed,6,0,0.25,0.25
1015047,stairs_negative_step,6,4,210000,low_speed,7,0,-0.25,-0.25
1015104,stairs_negative_step,6,4,210000,normal_motion,0,0.75,0,0
1015105,stairs_negative_step,6,4,210000,normal_motion,1,-0.75,0,0
1015106,stairs_negative_step,6,4,210000,normal_motion,2,0,0.75,0.5
1015107,stairs_negative_step,6,4,210000,normal_motion,3,0,-0.75,-0.5
1015108,stairs_negative_step,6,4,210000,normal_motion,4,0.75,0,0
1015109,stairs_negative_step,6,4,210000,normal_motion,5,-0.75,0,0
1015110,stairs_negative_step,6,4,210000,normal_motion,6,0,0.75,0.5
1015111,stairs_negative_step,6,4,210000,normal_motion,7,0,-0.75,-0.5
1015168,stairs_negative_step,6,4,210001,standing,0,0,0,0
1015169,stairs_negative_step,6,4,210001,standing,1,0,0,0
1015170,stairs_negative_step,6,4,210001,standing,2,0,0,0
1015171,stairs_negative_step,6,4,210001,standing,3,0,0,0
1015172,stairs_negative_step,6,4,210001,standing,4,0,0,0
1015173,stairs_negative_step,6,4,210001,standing,5,0,0,0
1015174,stairs_negative_step,6,4,210001,standing,6,0,0,0
1015175,stairs_negative_step,6,4,210001,standing,7,0,0,0
1015232,stairs_negative_step,6,4,210001,low_speed,0,0.25,0,0
1015233,stairs_negative_step,6,4,210001,low_speed,1,-0.25,0,0
1015234,stairs_negative_step,6,4,210001,low_speed,2,0,0.25,0.25
1015235,stairs_negative_step,6,4,210001,low_speed,3,0,-0.25,-0.25
1015236,stairs_negative_step,6,4,210001,low_speed,4,0.25,0,0
1015237,stairs_negative_step,6,4,210001,low_speed,5,-0.25,0,0
1015238,stairs_negative_step,6,4,210001,low_speed,6,0,0.25,0.25
1015239,stairs_negative_step,6,4,210001,low_speed,7,0,-0.25,-0.25
1015296,stairs_negative_step,6,4,210001,normal_motion,0,0.75,0,0
1015297,stairs_negative_step,6,4,210001,normal_motion,1,-0.75,0,0
1015298,stairs_negative_step,6,4,210001,normal_motion,2,0,0.75,0.5
1015299,stairs_negative_step,6,4,210001,normal_motion,3,0,-0.75,-0.5
1015300,stairs_negative_step,6,4,210001,normal_motion,4,0.75,0,0
1015301,stairs_negative_step,6,4,210001,normal_motion,5,-0.75,0,0
1015302,stairs_negative_step,6,4,210001,normal_motion,6,0,0.75,0.5
1015303,stairs_negative_step,6,4,210001,normal_motion,7,0,-0.75,-0.5
1015360,stairs_negative_step,6,4,210002,standing,0,0,0,0
1015361,stairs_negative_step,6,4,210002,standing,1,0,0,0
1015362,stairs_negative_step,6,4,210002,standing,2,0,0,0
1015363,stairs_negative_step,6,4,210002,standing,3,0,0,0
1015364,stairs_negative_step,6,4,210002,standing,4,0,0,0
1015365,stairs_negative_step,6,4,210002,standing,5,0,0,0
1015366,stairs_negative_step,6,4,210002,standing,6,0,0,0
1015367,stairs_negative_step,6,4,210002,standing,7,0,0,0
1015424,stairs_negative_step,6,4,210002,low_speed,0,0.25,0,0
1015425,stairs_negative_step,6,4,210002,low_speed,1,-0.25,0,0
1015426,stairs_negative_step,6,4,210002,low_speed,2,0,0.25,0.25
1015427,stairs_negative_step,6,4,210002,low_speed,3,0,-0.25,-0.25
1015428,stairs_negative_step,6,4,210002,low_speed,4,0.25,0,0
1015429,stairs_negative_step,6,4,210002,low_speed,5,-0.25,0,0
1015430,stairs_negative_step,6,4,210002,low_speed,6,0,0.25,0.25
1015431,stairs_negative_step,6,4,210002,low_speed,7,0,-0.25,-0.25
1015488,stairs_negative_step,6,4,210002,normal_motion,0,0.75,0,0
1015489,stairs_negative_step,6,4,210002,normal_motion,1,-0.75,0,0
1015490,stairs_negative_step,6,4,210002,normal_motion,2,0,0.75,0.5
1015491,stairs_negative_step,6,4,210002,normal_motion,3,0,-0.75,-0.5
1015492,stairs_negative_step,6,4,210002,normal_motion,4,0.75,0,0
1015493,stairs_negative_step,6,4,210002,normal_motion,5,-0.75,0,0
1015494,stairs_negative_step,6,4,210002,normal_motion,6,0,0.75,0.5
1015495,stairs_negative_step,6,4,210002,normal_motion,7,0,-0.75,-0.5
1015552,stairs_negative_step,7,4,210000,standing,0,0,0,0
1015553,stairs_negative_step,7,4,210000,standing,1,0,0,0
1015554,stairs_negative_step,7,4,210000,standing,2,0,0,0
1015555,stairs_negative_step,7,4,210000,standing,3,0,0,0
1015556,stairs_negative_step,7,4,210000,standing,4,0,0,0
1015557,stairs_negative_step,7,4,210000,standing,5,0,0,0
1015558,stairs_negative_step,7,4,210000,standing,6,0,0,0
1015559,stairs_negative_step,7,4,210000,standing,7,0,0,0
1015616,stairs_negative_step,7,4,210000,low_speed,0,0.25,0,0
1015617,stairs_negative_step,7,4,210000,low_speed,1,-0.25,0,0
1015618,stairs_negative_step,7,4,210000,low_speed,2,0,0.25,0.25
1015619,stairs_negative_step,7,4,210000,low_speed,3,0,-0.25,-0.25
1015620,stairs_negative_step,7,4,210000,low_speed,4,0.25,0,0
1015621,stairs_negative_step,7,4,210000,low_speed,5,-0.25,0,0
1015622,stairs_negative_step,7,4,210000,low_speed,6,0,0.25,0.25
1015623,stairs_negative_step,7,4,210000,low_speed,7,0,-0.25,-0.25
1015680,stairs_negative_step,7,4,210000,normal_motion,0,0.75,0,0
1015681,stairs_negative_step,7,4,210000,normal_motion,1,-0.75,0,0
1015682,stairs_negative_step,7,4,210000,normal_motion,2,0,0.75,0.5
1015683,stairs_negative_step,7,4,210000,normal_motion,3,0,-0.75,-0.5
1015684,stairs_negative_step,7,4,210000,normal_motion,4,0.75,0,0
1015685,stairs_negative_step,7,4,210000,normal_motion,5,-0.75,0,0
1015686,stairs_negative_step,7,4,210000,normal_motion,6,0,0.75,0.5
1015687,stairs_negative_step,7,4,210000,normal_motion,7,0,-0.75,-0.5
1015744,stairs_negative_step,7,4,210001,standing,0,0,0,0
1015745,stairs_negative_step,7,4,210001,standing,1,0,0,0
1015746,stairs_negative_step,7,4,210001,standing,2,0,0,0
1015747,stairs_negative_step,7,4,210001,standing,3,0,0,0
1015748,stairs_negative_step,7,4,210001,standing,4,0,0,0
1015749,stairs_negative_step,7,4,210001,standing,5,0,0,0
1015750,stairs_negative_step,7,4,210001,standing,6,0,0,0
1015751,stairs_negative_step,7,4,210001,standing,7,0,0,0
1015808,stairs_negative_step,7,4,210001,low_speed,0,0.25,0,0
1015809,stairs_negative_step,7,4,210001,low_speed,1,-0.25,0,0
1015810,stairs_negative_step,7,4,210001,low_speed,2,0,0.25,0.25
1015811,stairs_negative_step,7,4,210001,low_speed,3,0,-0.25,-0.25
1015812,stairs_negative_step,7,4,210001,low_speed,4,0.25,0,0
1015813,stairs_negative_step,7,4,210001,low_speed,5,-0.25,0,0
1015814,stairs_negative_step,7,4,210001,low_speed,6,0,0.25,0.25
1015815,stairs_negative_step,7,4,210001,low_speed,7,0,-0.25,-0.25
1015872,stairs_negative_step,7,4,210001,normal_motion,0,0.75,0,0
1015873,stairs_negative_step,7,4,210001,normal_motion,1,-0.75,0,0
1015874,stairs_negative_step,7,4,210001,normal_motion,2,0,0.75,0.5
1015875,stairs_negative_step,7,4,210001,normal_motion,3,0,-0.75,-0.5
1015876,stairs_negative_step,7,4,210001,normal_motion,4,0.75,0,0
1015877,stairs_negative_step,7,4,210001,normal_motion,5,-0.75,0,0
1015878,stairs_negative_step,7,4,210001,normal_motion,6,0,0.75,0.5
1015879,stairs_negative_step,7,4,210001,normal_motion,7,0,-0.75,-0.5
1015936,stairs_negative_step,7,4,210002,standing,0,0,0,0
1015937,stairs_negative_step,7,4,210002,standing,1,0,0,0
1015938,stairs_negative_step,7,4,210002,standing,2,0,0,0
1015939,stairs_negative_step,7,4,210002,standing,3,0,0,0
1015940,stairs_negative_step,7,4,210002,standing,4,0,0,0
1015941,stairs_negative_step,7,4,210002,standing,5,0,0,0
1015942,stairs_negative_step,7,4,210002,standing,6,0,0,0
1015943,stairs_negative_step,7,4,210002,standing,7,0,0,0
1016000,stairs_negative_step,7,4,210002,low_speed,0,0.25,0,0
1016001,stairs_negative_step,7,4,210002,low_speed,1,-0.25,0,0
1016002,stairs_negative_step,7,4,210002,low_speed,2,0,0.25,0.25
1016003,stairs_negative_step,7,4,210002,low_speed,3,0,-0.25,-0.25
1016004,stairs_negative_step,7,4,210002,low_speed,4,0.25,0,0
1016005,stairs_negative_step,7,4,210002,low_speed,5,-0.25,0,0
1016006,stairs_negative_step,7,4,210002,low_speed,6,0,0.25,0.25
1016007,stairs_negative_step,7,4,210002,low_speed,7,0,-0.25,-0.25
1016064,stairs_negative_step,7,4,210002,normal_motion,0,0.75,0,0
1016065,stairs_negative_step,7,4,210002,normal_motion,1,-0.75,0,0
1016066,stairs_negative_step,7,4,210002,normal_motion,2,0,0.75,0.5
1016067,stairs_negative_step,7,4,210002,normal_motion,3,0,-0.75,-0.5
1016068,stairs_negative_step,7,4,210002,normal_motion,4,0.75,0,0
1016069,stairs_negative_step,7,4,210002,normal_motion,5,-0.75,0,0
1016070,stairs_negative_step,7,4,210002,normal_motion,6,0,0.75,0.5
1016071,stairs_negative_step,7,4,210002,normal_motion,7,0,-0.75,-0.5
1016128,stairs_negative_step,8,4,210000,standing,0,0,0,0
1016129,stairs_negative_step,8,4,210000,standing,1,0,0,0
1016130,stairs_negative_step,8,4,210000,standing,2,0,0,0
1016131,stairs_negative_step,8,4,210000,standing,3,0,0,0
1016132,stairs_negative_step,8,4,210000,standing,4,0,0,0
1016133,stairs_negative_step,8,4,210000,standing,5,0,0,0
1016134,stairs_negative_step,8,4,210000,standing,6,0,0,0
1016135,stairs_negative_step,8,4,210000,standing,7,0,0,0
1016192,stairs_negative_step,8,4,210000,low_speed,0,0.25,0,0
1016193,stairs_negative_step,8,4,210000,low_speed,1,-0.25,0,0
1016194,stairs_negative_step,8,4,210000,low_speed,2,0,0.25,0.25
1016195,stairs_negative_step,8,4,210000,low_speed,3,0,-0.25,-0.25
1016196,stairs_negative_step,8,4,210000,low_speed,4,0.25,0,0
1016197,stairs_negative_step,8,4,210000,low_speed,5,-0.25,0,0
1016198,stairs_negative_step,8,4,210000,low_speed,6,0,0.25,0.25
1016199,stairs_negative_step,8,4,210000,low_speed,7,0,-0.25,-0.25
1016256,stairs_negative_step,8,4,210000,normal_motion,0,0.75,0,0
1016257,stairs_negative_step,8,4,210000,normal_motion,1,-0.75,0,0
1016258,stairs_negative_step,8,4,210000,normal_motion,2,0,0.75,0.5
1016259,stairs_negative_step,8,4,210000,normal_motion,3,0,-0.75,-0.5
1016260,stairs_negative_step,8,4,210000,normal_motion,4,0.75,0,0
1016261,stairs_negative_step,8,4,210000,normal_motion,5,-0.75,0,0
1016262,stairs_negative_step,8,4,210000,normal_motion,6,0,0.75,0.5
1016263,stairs_negative_step,8,4,210000,normal_motion,7,0,-0.75,-0.5
1016320,stairs_negative_step,8,4,210001,standing,0,0,0,0
1016321,stairs_negative_step,8,4,210001,standing,1,0,0,0
1016322,stairs_negative_step,8,4,210001,standing,2,0,0,0
1016323,stairs_negative_step,8,4,210001,standing,3,0,0,0
1016324,stairs_negative_step,8,4,210001,standing,4,0,0,0
1016325,stairs_negative_step,8,4,210001,standing,5,0,0,0
1016326,stairs_negative_step,8,4,210001,standing,6,0,0,0
1016327,stairs_negative_step,8,4,210001,standing,7,0,0,0
1016384,stairs_negative_step,8,4,210001,low_speed,0,0.25,0,0
1016385,stairs_negative_step,8,4,210001,low_speed,1,-0.25,0,0
1016386,stairs_negative_step,8,4,210001,low_speed,2,0,0.25,0.25
1016387,stairs_negative_step,8,4,210001,low_speed,3,0,-0.25,-0.25
1016388,stairs_negative_step,8,4,210001,low_speed,4,0.25,0,0
1016389,stairs_negative_step,8,4,210001,low_speed,5,-0.25,0,0
1016390,stairs_negative_step,8,4,210001,low_speed,6,0,0.25,0.25
1016391,stairs_negative_step,8,4,210001,low_speed,7,0,-0.25,-0.25
1016448,stairs_negative_step,8,4,210001,normal_motion,0,0.75,0,0
1016449,stairs_negative_step,8,4,210001,normal_motion,1,-0.75,0,0
1016450,stairs_negative_step,8,4,210001,normal_motion,2,0,0.75,0.5
1016451,stairs_negative_step,8,4,210001,normal_motion,3,0,-0.75,-0.5
1016452,stairs_negative_step,8,4,210001,normal_motion,4,0.75,0,0
1016453,stairs_negative_step,8,4,210001,normal_motion,5,-0.75,0,0
1016454,stairs_negative_step,8,4,210001,normal_motion,6,0,0.75,0.5
1016455,stairs_negative_step,8,4,210001,normal_motion,7,0,-0.75,-0.5
1016512,stairs_negative_step,8,4,210002,standing,0,0,0,0
1016513,stairs_negative_step,8,4,210002,standing,1,0,0,0
1016514,stairs_negative_step,8,4,210002,standing,2,0,0,0
1016515,stairs_negative_step,8,4,210002,standing,3,0,0,0
1016516,stairs_negative_step,8,4,210002,standing,4,0,0,0
1016517,stairs_negative_step,8,4,210002,standing,5,0,0,0
1016518,stairs_negative_step,8,4,210002,standing,6,0,0,0
1016519,stairs_negative_step,8,4,210002,standing,7,0,0,0
1016576,stairs_negative_step,8,4,210002,low_speed,0,0.25,0,0
1016577,stairs_negative_step,8,4,210002,low_speed,1,-0.25,0,0
1016578,stairs_negative_step,8,4,210002,low_speed,2,0,0.25,0.25
1016579,stairs_negative_step,8,4,210002,low_speed,3,0,-0.25,-0.25
1016580,stairs_negative_step,8,4,210002,low_speed,4,0.25,0,0
1016581,stairs_negative_step,8,4,210002,low_speed,5,-0.25,0,0
1016582,stairs_negative_step,8,4,210002,low_speed,6,0,0.25,0.25
1016583,stairs_negative_step,8,4,210002,low_speed,7,0,-0.25,-0.25
1016640,stairs_negative_step,8,4,210002,normal_motion,0,0.75,0,0
1016641,stairs_negative_step,8,4,210002,normal_motion,1,-0.75,0,0
1016642,stairs_negative_step,8,4,210002,normal_motion,2,0,0.75,0.5
1016643,stairs_negative_step,8,4,210002,normal_motion,3,0,-0.75,-0.5
1016644,stairs_negative_step,8,4,210002,normal_motion,4,0.75,0,0
1016645,stairs_negative_step,8,4,210002,normal_motion,5,-0.75,0,0
1016646,stairs_negative_step,8,4,210002,normal_motion,6,0,0.75,0.5
1016647,stairs_negative_step,8,4,210002,normal_motion,7,0,-0.75,-0.5
1016704,stairs_negative_step,9,4,210000,standing,0,0,0,0
1016705,stairs_negative_step,9,4,210000,standing,1,0,0,0
1016706,stairs_negative_step,9,4,210000,standing,2,0,0,0
1016707,stairs_negative_step,9,4,210000,standing,3,0,0,0
1016708,stairs_negative_step,9,4,210000,standing,4,0,0,0
1016709,stairs_negative_step,9,4,210000,standing,5,0,0,0
1016710,stairs_negative_step,9,4,210000,standing,6,0,0,0
1016711,stairs_negative_step,9,4,210000,standing,7,0,0,0
1016768,stairs_negative_step,9,4,210000,low_speed,0,0.25,0,0
1016769,stairs_negative_step,9,4,210000,low_speed,1,-0.25,0,0
1016770,stairs_negative_step,9,4,210000,low_speed,2,0,0.25,0.25
1016771,stairs_negative_step,9,4,210000,low_speed,3,0,-0.25,-0.25
1016772,stairs_negative_step,9,4,210000,low_speed,4,0.25,0,0
1016773,stairs_negative_step,9,4,210000,low_speed,5,-0.25,0,0
1016774,stairs_negative_step,9,4,210000,low_speed,6,0,0.25,0.25
1016775,stairs_negative_step,9,4,210000,low_speed,7,0,-0.25,-0.25
1016832,stairs_negative_step,9,4,210000,normal_motion,0,0.75,0,0
1016833,stairs_negative_step,9,4,210000,normal_motion,1,-0.75,0,0
1016834,stairs_negative_step,9,4,210000,normal_motion,2,0,0.75,0.5
1016835,stairs_negative_step,9,4,210000,normal_motion,3,0,-0.75,-0.5
1016836,stairs_negative_step,9,4,210000,normal_motion,4,0.75,0,0
1016837,stairs_negative_step,9,4,210000,normal_motion,5,-0.75,0,0
1016838,stairs_negative_step,9,4,210000,normal_motion,6,0,0.75,0.5
1016839,stairs_negative_step,9,4,210000,normal_motion,7,0,-0.75,-0.5
1016896,stairs_negative_step,9,4,210001,standing,0,0,0,0
1016897,stairs_negative_step,9,4,210001,standing,1,0,0,0
1016898,stairs_negative_step,9,4,210001,standing,2,0,0,0
1016899,stairs_negative_step,9,4,210001,standing,3,0,0,0
1016900,stairs_negative_step,9,4,210001,standing,4,0,0,0
1016901,stairs_negative_step,9,4,210001,standing,5,0,0,0
1016902,stairs_negative_step,9,4,210001,standing,6,0,0,0
1016903,stairs_negative_step,9,4,210001,standing,7,0,0,0
1016960,stairs_negative_step,9,4,210001,low_speed,0,0.25,0,0
1016961,stairs_negative_step,9,4,210001,low_speed,1,-0.25,0,0
1016962,stairs_negative_step,9,4,210001,low_speed,2,0,0.25,0.25
1016963,stairs_negative_step,9,4,210001,low_speed,3,0,-0.25,-0.25
1016964,stairs_negative_step,9,4,210001,low_speed,4,0.25,0,0
1016965,stairs_negative_step,9,4,210001,low_speed,5,-0.25,0,0
1016966,stairs_negative_step,9,4,210001,low_speed,6,0,0.25,0.25
1016967,stairs_negative_step,9,4,210001,low_speed,7,0,-0.25,-0.25
1017024,stairs_negative_step,9,4,210001,normal_motion,0,0.75,0,0
1017025,stairs_negative_step,9,4,210001,normal_motion,1,-0.75,0,0
1017026,stairs_negative_step,9,4,210001,normal_motion,2,0,0.75,0.5
1017027,stairs_negative_step,9,4,210001,normal_motion,3,0,-0.75,-0.5
1017028,stairs_negative_step,9,4,210001,normal_motion,4,0.75,0,0
1017029,stairs_negative_step,9,4,210001,normal_motion,5,-0.75,0,0
1017030,stairs_negative_step,9,4,210001,normal_motion,6,0,0.75,0.5
1017031,stairs_negative_step,9,4,210001,normal_motion,7,0,-0.75,-0.5
1017088,stairs_negative_step,9,4,210002,standing,0,0,0,0
1017089,stairs_negative_step,9,4,210002,standing,1,0,0,0
1017090,stairs_negative_step,9,4,210002,standing,2,0,0,0
1017091,stairs_negative_step,9,4,210002,standing,3,0,0,0
1017092,stairs_negative_step,9,4,210002,standing,4,0,0,0
1017093,stairs_negative_step,9,4,210002,standing,5,0,0,0
1017094,stairs_negative_step,9,4,210002,standing,6,0,0,0
1017095,stairs_negative_step,9,4,210002,standing,7,0,0,0
1017152,stairs_negative_step,9,4,210002,low_speed,0,0.25,0,0
1017153,stairs_negative_step,9,4,210002,low_speed,1,-0.25,0,0
1017154,stairs_negative_step,9,4,210002,low_speed,2,0,0.25,0.25
1017155,stairs_negative_step,9,4,210002,low_speed,3,0,-0.25,-0.25
1017156,stairs_negative_step,9,4,210002,low_speed,4,0.25,0,0
1017157,stairs_negative_step,9,4,210002,low_speed,5,-0.25,0,0
1017158,stairs_negative_step,9,4,210002,low_speed,6,0,0.25,0.25
1017159,stairs_negative_step,9,4,210002,low_speed,7,0,-0.25,-0.25
1017216,stairs_negative_step,9,4,210002,normal_motion,0,0.75,0,0
1017217,stairs_negative_step,9,4,210002,normal_motion,1,-0.75,0,0
1017218,stairs_negative_step,9,4,210002,normal_motion,2,0,0.75,0.5
1017219,stairs_negative_step,9,4,210002,normal_motion,3,0,-0.75,-0.5
1017220,stairs_negative_step,9,4,210002,normal_motion,4,0.75,0,0
1017221,stairs_negative_step,9,4,210002,normal_motion,5,-0.75,0,0
1017222,stairs_negative_step,9,4,210002,normal_motion,6,0,0.75,0.5
1017223,stairs_negative_step,9,4,210002,normal_motion,7,0,-0.75,-0.5
1017280,stairs_positive_step,0,11,210000,standing,0,0,0,0
1017281,stairs_positive_step,0,11,210000,standing,1,0,0,0
1017282,stairs_positive_step,0,11,210000,standing,2,0,0,0
1017283,stairs_positive_step,0,11,210000,standing,3,0,0,0
1017284,stairs_positive_step,0,11,210000,standing,4,0,0,0
1017285,stairs_positive_step,0,11,210000,standing,5,0,0,0
1017286,stairs_positive_step,0,11,210000,standing,6,0,0,0
1017287,stairs_positive_step,0,11,210000,standing,7,0,0,0
1017344,stairs_positive_step,0,11,210000,low_speed,0,0.25,0,0
1017345,stairs_positive_step,0,11,210000,low_speed,1,-0.25,0,0
1017346,stairs_positive_step,0,11,210000,low_speed,2,0,0.25,0.25
1017347,stairs_positive_step,0,11,210000,low_speed,3,0,-0.25,-0.25
1017348,stairs_positive_step,0,11,210000,low_speed,4,0.25,0,0
1017349,stairs_positive_step,0,11,210000,low_speed,5,-0.25,0,0
1017350,stairs_positive_step,0,11,210000,low_speed,6,0,0.25,0.25
1017351,stairs_positive_step,0,11,210000,low_speed,7,0,-0.25,-0.25
1017408,stairs_positive_step,0,11,210000,normal_motion,0,0.75,0,0
1017409,stairs_positive_step,0,11,210000,normal_motion,1,-0.75,0,0
1017410,stairs_positive_step,0,11,210000,normal_motion,2,0,0.75,0.5
1017411,stairs_positive_step,0,11,210000,normal_motion,3,0,-0.75,-0.5
1017412,stairs_positive_step,0,11,210000,normal_motion,4,0.75,0,0
1017413,stairs_positive_step,0,11,210000,normal_motion,5,-0.75,0,0
1017414,stairs_positive_step,0,11,210000,normal_motion,6,0,0.75,0.5
1017415,stairs_positive_step,0,11,210000,normal_motion,7,0,-0.75,-0.5
1017472,stairs_positive_step,0,11,210001,standing,0,0,0,0
1017473,stairs_positive_step,0,11,210001,standing,1,0,0,0
1017474,stairs_positive_step,0,11,210001,standing,2,0,0,0
1017475,stairs_positive_step,0,11,210001,standing,3,0,0,0
1017476,stairs_positive_step,0,11,210001,standing,4,0,0,0
1017477,stairs_positive_step,0,11,210001,standing,5,0,0,0
1017478,stairs_positive_step,0,11,210001,standing,6,0,0,0
1017479,stairs_positive_step,0,11,210001,standing,7,0,0,0
1017536,stairs_positive_step,0,11,210001,low_speed,0,0.25,0,0
1017537,stairs_positive_step,0,11,210001,low_speed,1,-0.25,0,0
1017538,stairs_positive_step,0,11,210001,low_speed,2,0,0.25,0.25
1017539,stairs_positive_step,0,11,210001,low_speed,3,0,-0.25,-0.25
1017540,stairs_positive_step,0,11,210001,low_speed,4,0.25,0,0
1017541,stairs_positive_step,0,11,210001,low_speed,5,-0.25,0,0
1017542,stairs_positive_step,0,11,210001,low_speed,6,0,0.25,0.25
1017543,stairs_positive_step,0,11,210001,low_speed,7,0,-0.25,-0.25
1017600,stairs_positive_step,0,11,210001,normal_motion,0,0.75,0,0
1017601,stairs_positive_step,0,11,210001,normal_motion,1,-0.75,0,0
1017602,stairs_positive_step,0,11,210001,normal_motion,2,0,0.75,0.5
1017603,stairs_positive_step,0,11,210001,normal_motion,3,0,-0.75,-0.5
1017604,stairs_positive_step,0,11,210001,normal_motion,4,0.75,0,0
1017605,stairs_positive_step,0,11,210001,normal_motion,5,-0.75,0,0
1017606,stairs_positive_step,0,11,210001,normal_motion,6,0,0.75,0.5
1017607,stairs_positive_step,0,11,210001,normal_motion,7,0,-0.75,-0.5
1017664,stairs_positive_step,0,11,210002,standing,0,0,0,0
1017665,stairs_positive_step,0,11,210002,standing,1,0,0,0
1017666,stairs_positive_step,0,11,210002,standing,2,0,0,0
1017667,stairs_positive_step,0,11,210002,standing,3,0,0,0
1017668,stairs_positive_step,0,11,210002,standing,4,0,0,0
1017669,stairs_positive_step,0,11,210002,standing,5,0,0,0
1017670,stairs_positive_step,0,11,210002,standing,6,0,0,0
1017671,stairs_positive_step,0,11,210002,standing,7,0,0,0
1017728,stairs_positive_step,0,11,210002,low_speed,0,0.25,0,0
1017729,stairs_positive_step,0,11,210002,low_speed,1,-0.25,0,0
1017730,stairs_positive_step,0,11,210002,low_speed,2,0,0.25,0.25
1017731,stairs_positive_step,0,11,210002,low_speed,3,0,-0.25,-0.25
1017732,stairs_positive_step,0,11,210002,low_speed,4,0.25,0,0
1017733,stairs_positive_step,0,11,210002,low_speed,5,-0.25,0,0
1017734,stairs_positive_step,0,11,210002,low_speed,6,0,0.25,0.25
1017735,stairs_positive_step,0,11,210002,low_speed,7,0,-0.25,-0.25
1017792,stairs_positive_step,0,11,210002,normal_motion,0,0.75,0,0
1017793,stairs_positive_step,0,11,210002,normal_motion,1,-0.75,0,0
1017794,stairs_positive_step,0,11,210002,normal_motion,2,0,0.75,0.5
1017795,stairs_positive_step,0,11,210002,normal_motion,3,0,-0.75,-0.5
1017796,stairs_positive_step,0,11,210002,normal_motion,4,0.75,0,0
1017797,stairs_positive_step,0,11,210002,normal_motion,5,-0.75,0,0
1017798,stairs_positive_step,0,11,210002,normal_motion,6,0,0.75,0.5
1017799,stairs_positive_step,0,11,210002,normal_motion,7,0,-0.75,-0.5
1017856,stairs_positive_step,1,11,210000,standing,0,0,0,0
1017857,stairs_positive_step,1,11,210000,standing,1,0,0,0
1017858,stairs_positive_step,1,11,210000,standing,2,0,0,0
1017859,stairs_positive_step,1,11,210000,standing,3,0,0,0
1017860,stairs_positive_step,1,11,210000,standing,4,0,0,0
1017861,stairs_positive_step,1,11,210000,standing,5,0,0,0
1017862,stairs_positive_step,1,11,210000,standing,6,0,0,0
1017863,stairs_positive_step,1,11,210000,standing,7,0,0,0
1017920,stairs_positive_step,1,11,210000,low_speed,0,0.25,0,0
1017921,stairs_positive_step,1,11,210000,low_speed,1,-0.25,0,0
1017922,stairs_positive_step,1,11,210000,low_speed,2,0,0.25,0.25
1017923,stairs_positive_step,1,11,210000,low_speed,3,0,-0.25,-0.25
1017924,stairs_positive_step,1,11,210000,low_speed,4,0.25,0,0
1017925,stairs_positive_step,1,11,210000,low_speed,5,-0.25,0,0
1017926,stairs_positive_step,1,11,210000,low_speed,6,0,0.25,0.25
1017927,stairs_positive_step,1,11,210000,low_speed,7,0,-0.25,-0.25
1017984,stairs_positive_step,1,11,210000,normal_motion,0,0.75,0,0
1017985,stairs_positive_step,1,11,210000,normal_motion,1,-0.75,0,0
1017986,stairs_positive_step,1,11,210000,normal_motion,2,0,0.75,0.5
1017987,stairs_positive_step,1,11,210000,normal_motion,3,0,-0.75,-0.5
1017988,stairs_positive_step,1,11,210000,normal_motion,4,0.75,0,0
1017989,stairs_positive_step,1,11,210000,normal_motion,5,-0.75,0,0
1017990,stairs_positive_step,1,11,210000,normal_motion,6,0,0.75,0.5
1017991,stairs_positive_step,1,11,210000,normal_motion,7,0,-0.75,-0.5
1018048,stairs_positive_step,1,11,210001,standing,0,0,0,0
1018049,stairs_positive_step,1,11,210001,standing,1,0,0,0
1018050,stairs_positive_step,1,11,210001,standing,2,0,0,0
1018051,stairs_positive_step,1,11,210001,standing,3,0,0,0
1018052,stairs_positive_step,1,11,210001,standing,4,0,0,0
1018053,stairs_positive_step,1,11,210001,standing,5,0,0,0
1018054,stairs_positive_step,1,11,210001,standing,6,0,0,0
1018055,stairs_positive_step,1,11,210001,standing,7,0,0,0
1018112,stairs_positive_step,1,11,210001,low_speed,0,0.25,0,0
1018113,stairs_positive_step,1,11,210001,low_speed,1,-0.25,0,0
1018114,stairs_positive_step,1,11,210001,low_speed,2,0,0.25,0.25
1018115,stairs_positive_step,1,11,210001,low_speed,3,0,-0.25,-0.25
1018116,stairs_positive_step,1,11,210001,low_speed,4,0.25,0,0
1018117,stairs_positive_step,1,11,210001,low_speed,5,-0.25,0,0
1018118,stairs_positive_step,1,11,210001,low_speed,6,0,0.25,0.25
1018119,stairs_positive_step,1,11,210001,low_speed,7,0,-0.25,-0.25
1018176,stairs_positive_step,1,11,210001,normal_motion,0,0.75,0,0
1018177,stairs_positive_step,1,11,210001,normal_motion,1,-0.75,0,0
1018178,stairs_positive_step,1,11,210001,normal_motion,2,0,0.75,0.5
1018179,stairs_positive_step,1,11,210001,normal_motion,3,0,-0.75,-0.5
1018180,stairs_positive_step,1,11,210001,normal_motion,4,0.75,0,0
1018181,stairs_positive_step,1,11,210001,normal_motion,5,-0.75,0,0
1018182,stairs_positive_step,1,11,210001,normal_motion,6,0,0.75,0.5
1018183,stairs_positive_step,1,11,210001,normal_motion,7,0,-0.75,-0.5
1018240,stairs_positive_step,1,11,210002,standing,0,0,0,0
1018241,stairs_positive_step,1,11,210002,standing,1,0,0,0
1018242,stairs_positive_step,1,11,210002,standing,2,0,0,0
1018243,stairs_positive_step,1,11,210002,standing,3,0,0,0
1018244,stairs_positive_step,1,11,210002,standing,4,0,0,0
1018245,stairs_positive_step,1,11,210002,standing,5,0,0,0
1018246,stairs_positive_step,1,11,210002,standing,6,0,0,0
1018247,stairs_positive_step,1,11,210002,standing,7,0,0,0
1018304,stairs_positive_step,1,11,210002,low_speed,0,0.25,0,0
1018305,stairs_positive_step,1,11,210002,low_speed,1,-0.25,0,0
1018306,stairs_positive_step,1,11,210002,low_speed,2,0,0.25,0.25
1018307,stairs_positive_step,1,11,210002,low_speed,3,0,-0.25,-0.25
1018308,stairs_positive_step,1,11,210002,low_speed,4,0.25,0,0
1018309,stairs_positive_step,1,11,210002,low_speed,5,-0.25,0,0
1018310,stairs_positive_step,1,11,210002,low_speed,6,0,0.25,0.25
1018311,stairs_positive_step,1,11,210002,low_speed,7,0,-0.25,-0.25
1018368,stairs_positive_step,1,11,210002,normal_motion,0,0.75,0,0
1018369,stairs_positive_step,1,11,210002,normal_motion,1,-0.75,0,0
1018370,stairs_positive_step,1,11,210002,normal_motion,2,0,0.75,0.5
1018371,stairs_positive_step,1,11,210002,normal_motion,3,0,-0.75,-0.5
1018372,stairs_positive_step,1,11,210002,normal_motion,4,0.75,0,0
1018373,stairs_positive_step,1,11,210002,normal_motion,5,-0.75,0,0
1018374,stairs_positive_step,1,11,210002,normal_motion,6,0,0.75,0.5
1018375,stairs_positive_step,1,11,210002,normal_motion,7,0,-0.75,-0.5
1018432,stairs_positive_step,2,11,210000,standing,0,0,0,0
1018433,stairs_positive_step,2,11,210000,standing,1,0,0,0
1018434,stairs_positive_step,2,11,210000,standing,2,0,0,0
1018435,stairs_positive_step,2,11,210000,standing,3,0,0,0
1018436,stairs_positive_step,2,11,210000,standing,4,0,0,0
1018437,stairs_positive_step,2,11,210000,standing,5,0,0,0
1018438,stairs_positive_step,2,11,210000,standing,6,0,0,0
1018439,stairs_positive_step,2,11,210000,standing,7,0,0,0
1018496,stairs_positive_step,2,11,210000,low_speed,0,0.25,0,0
1018497,stairs_positive_step,2,11,210000,low_speed,1,-0.25,0,0
1018498,stairs_positive_step,2,11,210000,low_speed,2,0,0.25,0.25
1018499,stairs_positive_step,2,11,210000,low_speed,3,0,-0.25,-0.25
1018500,stairs_positive_step,2,11,210000,low_speed,4,0.25,0,0
1018501,stairs_positive_step,2,11,210000,low_speed,5,-0.25,0,0
1018502,stairs_positive_step,2,11,210000,low_speed,6,0,0.25,0.25
1018503,stairs_positive_step,2,11,210000,low_speed,7,0,-0.25,-0.25
1018560,stairs_positive_step,2,11,210000,normal_motion,0,0.75,0,0
1018561,stairs_positive_step,2,11,210000,normal_motion,1,-0.75,0,0
1018562,stairs_positive_step,2,11,210000,normal_motion,2,0,0.75,0.5
1018563,stairs_positive_step,2,11,210000,normal_motion,3,0,-0.75,-0.5
1018564,stairs_positive_step,2,11,210000,normal_motion,4,0.75,0,0
1018565,stairs_positive_step,2,11,210000,normal_motion,5,-0.75,0,0
1018566,stairs_positive_step,2,11,210000,normal_motion,6,0,0.75,0.5
1018567,stairs_positive_step,2,11,210000,normal_motion,7,0,-0.75,-0.5
1018624,stairs_positive_step,2,11,210001,standing,0,0,0,0
1018625,stairs_positive_step,2,11,210001,standing,1,0,0,0
1018626,stairs_positive_step,2,11,210001,standing,2,0,0,0
1018627,stairs_positive_step,2,11,210001,standing,3,0,0,0
1018628,stairs_positive_step,2,11,210001,standing,4,0,0,0
1018629,stairs_positive_step,2,11,210001,standing,5,0,0,0
1018630,stairs_positive_step,2,11,210001,standing,6,0,0,0
1018631,stairs_positive_step,2,11,210001,standing,7,0,0,0
1018688,stairs_positive_step,2,11,210001,low_speed,0,0.25,0,0
1018689,stairs_positive_step,2,11,210001,low_speed,1,-0.25,0,0
1018690,stairs_positive_step,2,11,210001,low_speed,2,0,0.25,0.25
1018691,stairs_positive_step,2,11,210001,low_speed,3,0,-0.25,-0.25
1018692,stairs_positive_step,2,11,210001,low_speed,4,0.25,0,0
1018693,stairs_positive_step,2,11,210001,low_speed,5,-0.25,0,0
1018694,stairs_positive_step,2,11,210001,low_speed,6,0,0.25,0.25
1018695,stairs_positive_step,2,11,210001,low_speed,7,0,-0.25,-0.25
1018752,stairs_positive_step,2,11,210001,normal_motion,0,0.75,0,0
1018753,stairs_positive_step,2,11,210001,normal_motion,1,-0.75,0,0
1018754,stairs_positive_step,2,11,210001,normal_motion,2,0,0.75,0.5
1018755,stairs_positive_step,2,11,210001,normal_motion,3,0,-0.75,-0.5
1018756,stairs_positive_step,2,11,210001,normal_motion,4,0.75,0,0
1018757,stairs_positive_step,2,11,210001,normal_motion,5,-0.75,0,0
1018758,stairs_positive_step,2,11,210001,normal_motion,6,0,0.75,0.5
1018759,stairs_positive_step,2,11,210001,normal_motion,7,0,-0.75,-0.5
1018816,stairs_positive_step,2,11,210002,standing,0,0,0,0
1018817,stairs_positive_step,2,11,210002,standing,1,0,0,0
1018818,stairs_positive_step,2,11,210002,standing,2,0,0,0
1018819,stairs_positive_step,2,11,210002,standing,3,0,0,0
1018820,stairs_positive_step,2,11,210002,standing,4,0,0,0
1018821,stairs_positive_step,2,11,210002,standing,5,0,0,0
1018822,stairs_positive_step,2,11,210002,standing,6,0,0,0
1018823,stairs_positive_step,2,11,210002,standing,7,0,0,0
1018880,stairs_positive_step,2,11,210002,low_speed,0,0.25,0,0
1018881,stairs_positive_step,2,11,210002,low_speed,1,-0.25,0,0
1018882,stairs_positive_step,2,11,210002,low_speed,2,0,0.25,0.25
1018883,stairs_positive_step,2,11,210002,low_speed,3,0,-0.25,-0.25
1018884,stairs_positive_step,2,11,210002,low_speed,4,0.25,0,0
1018885,stairs_positive_step,2,11,210002,low_speed,5,-0.25,0,0
1018886,stairs_positive_step,2,11,210002,low_speed,6,0,0.25,0.25
1018887,stairs_positive_step,2,11,210002,low_speed,7,0,-0.25,-0.25
1018944,stairs_positive_step,2,11,210002,normal_motion,0,0.75,0,0
1018945,stairs_positive_step,2,11,210002,normal_motion,1,-0.75,0,0
1018946,stairs_positive_step,2,11,210002,normal_motion,2,0,0.75,0.5
1018947,stairs_positive_step,2,11,210002,normal_motion,3,0,-0.75,-0.5
1018948,stairs_positive_step,2,11,210002,normal_motion,4,0.75,0,0
1018949,stairs_positive_step,2,11,210002,normal_motion,5,-0.75,0,0
1018950,stairs_positive_step,2,11,210002,normal_motion,6,0,0.75,0.5
1018951,stairs_positive_step,2,11,210002,normal_motion,7,0,-0.75,-0.5
1019008,stairs_positive_step,3,11,210000,standing,0,0,0,0
1019009,stairs_positive_step,3,11,210000,standing,1,0,0,0
1019010,stairs_positive_step,3,11,210000,standing,2,0,0,0
1019011,stairs_positive_step,3,11,210000,standing,3,0,0,0
1019012,stairs_positive_step,3,11,210000,standing,4,0,0,0
1019013,stairs_positive_step,3,11,210000,standing,5,0,0,0
1019014,stairs_positive_step,3,11,210000,standing,6,0,0,0
1019015,stairs_positive_step,3,11,210000,standing,7,0,0,0
1019072,stairs_positive_step,3,11,210000,low_speed,0,0.25,0,0
1019073,stairs_positive_step,3,11,210000,low_speed,1,-0.25,0,0
1019074,stairs_positive_step,3,11,210000,low_speed,2,0,0.25,0.25
1019075,stairs_positive_step,3,11,210000,low_speed,3,0,-0.25,-0.25
1019076,stairs_positive_step,3,11,210000,low_speed,4,0.25,0,0
1019077,stairs_positive_step,3,11,210000,low_speed,5,-0.25,0,0
1019078,stairs_positive_step,3,11,210000,low_speed,6,0,0.25,0.25
1019079,stairs_positive_step,3,11,210000,low_speed,7,0,-0.25,-0.25
1019136,stairs_positive_step,3,11,210000,normal_motion,0,0.75,0,0
1019137,stairs_positive_step,3,11,210000,normal_motion,1,-0.75,0,0
1019138,stairs_positive_step,3,11,210000,normal_motion,2,0,0.75,0.5
1019139,stairs_positive_step,3,11,210000,normal_motion,3,0,-0.75,-0.5
1019140,stairs_positive_step,3,11,210000,normal_motion,4,0.75,0,0
1019141,stairs_positive_step,3,11,210000,normal_motion,5,-0.75,0,0
1019142,stairs_positive_step,3,11,210000,normal_motion,6,0,0.75,0.5
1019143,stairs_positive_step,3,11,210000,normal_motion,7,0,-0.75,-0.5
1019200,stairs_positive_step,3,11,210001,standing,0,0,0,0
1019201,stairs_positive_step,3,11,210001,standing,1,0,0,0
1019202,stairs_positive_step,3,11,210001,standing,2,0,0,0
1019203,stairs_positive_step,3,11,210001,standing,3,0,0,0
1019204,stairs_positive_step,3,11,210001,standing,4,0,0,0
1019205,stairs_positive_step,3,11,210001,standing,5,0,0,0
1019206,stairs_positive_step,3,11,210001,standing,6,0,0,0
1019207,stairs_positive_step,3,11,210001,standing,7,0,0,0
1019264,stairs_positive_step,3,11,210001,low_speed,0,0.25,0,0
1019265,stairs_positive_step,3,11,210001,low_speed,1,-0.25,0,0
1019266,stairs_positive_step,3,11,210001,low_speed,2,0,0.25,0.25
1019267,stairs_positive_step,3,11,210001,low_speed,3,0,-0.25,-0.25
1019268,stairs_positive_step,3,11,210001,low_speed,4,0.25,0,0
1019269,stairs_positive_step,3,11,210001,low_speed,5,-0.25,0,0
1019270,stairs_positive_step,3,11,210001,low_speed,6,0,0.25,0.25
1019271,stairs_positive_step,3,11,210001,low_speed,7,0,-0.25,-0.25
1019328,stairs_positive_step,3,11,210001,normal_motion,0,0.75,0,0
1019329,stairs_positive_step,3,11,210001,normal_motion,1,-0.75,0,0
1019330,stairs_positive_step,3,11,210001,normal_motion,2,0,0.75,0.5
1019331,stairs_positive_step,3,11,210001,normal_motion,3,0,-0.75,-0.5
1019332,stairs_positive_step,3,11,210001,normal_motion,4,0.75,0,0
1019333,stairs_positive_step,3,11,210001,normal_motion,5,-0.75,0,0
1019334,stairs_positive_step,3,11,210001,normal_motion,6,0,0.75,0.5
1019335,stairs_positive_step,3,11,210001,normal_motion,7,0,-0.75,-0.5
1019392,stairs_positive_step,3,11,210002,standing,0,0,0,0
1019393,stairs_positive_step,3,11,210002,standing,1,0,0,0
1019394,stairs_positive_step,3,11,210002,standing,2,0,0,0
1019395,stairs_positive_step,3,11,210002,standing,3,0,0,0
1019396,stairs_positive_step,3,11,210002,standing,4,0,0,0
1019397,stairs_positive_step,3,11,210002,standing,5,0,0,0
1019398,stairs_positive_step,3,11,210002,standing,6,0,0,0
1019399,stairs_positive_step,3,11,210002,standing,7,0,0,0
1019456,stairs_positive_step,3,11,210002,low_speed,0,0.25,0,0
1019457,stairs_positive_step,3,11,210002,low_speed,1,-0.25,0,0
1019458,stairs_positive_step,3,11,210002,low_speed,2,0,0.25,0.25
1019459,stairs_positive_step,3,11,210002,low_speed,3,0,-0.25,-0.25
1019460,stairs_positive_step,3,11,210002,low_speed,4,0.25,0,0
1019461,stairs_positive_step,3,11,210002,low_speed,5,-0.25,0,0
1019462,stairs_positive_step,3,11,210002,low_speed,6,0,0.25,0.25
1019463,stairs_positive_step,3,11,210002,low_speed,7,0,-0.25,-0.25
1019520,stairs_positive_step,3,11,210002,normal_motion,0,0.75,0,0
1019521,stairs_positive_step,3,11,210002,normal_motion,1,-0.75,0,0
1019522,stairs_positive_step,3,11,210002,normal_motion,2,0,0.75,0.5
1019523,stairs_positive_step,3,11,210002,normal_motion,3,0,-0.75,-0.5
1019524,stairs_positive_step,3,11,210002,normal_motion,4,0.75,0,0
1019525,stairs_positive_step,3,11,210002,normal_motion,5,-0.75,0,0
1019526,stairs_positive_step,3,11,210002,normal_motion,6,0,0.75,0.5
1019527,stairs_positive_step,3,11,210002,normal_motion,7,0,-0.75,-0.5
1019584,stairs_positive_step,4,11,210000,standing,0,0,0,0
1019585,stairs_positive_step,4,11,210000,standing,1,0,0,0
1019586,stairs_positive_step,4,11,210000,standing,2,0,0,0
1019587,stairs_positive_step,4,11,210000,standing,3,0,0,0
1019588,stairs_positive_step,4,11,210000,standing,4,0,0,0
1019589,stairs_positive_step,4,11,210000,standing,5,0,0,0
1019590,stairs_positive_step,4,11,210000,standing,6,0,0,0
1019591,stairs_positive_step,4,11,210000,standing,7,0,0,0
1019648,stairs_positive_step,4,11,210000,low_speed,0,0.25,0,0
1019649,stairs_positive_step,4,11,210000,low_speed,1,-0.25,0,0
1019650,stairs_positive_step,4,11,210000,low_speed,2,0,0.25,0.25
1019651,stairs_positive_step,4,11,210000,low_speed,3,0,-0.25,-0.25
1019652,stairs_positive_step,4,11,210000,low_speed,4,0.25,0,0
1019653,stairs_positive_step,4,11,210000,low_speed,5,-0.25,0,0
1019654,stairs_positive_step,4,11,210000,low_speed,6,0,0.25,0.25
1019655,stairs_positive_step,4,11,210000,low_speed,7,0,-0.25,-0.25
1019712,stairs_positive_step,4,11,210000,normal_motion,0,0.75,0,0
1019713,stairs_positive_step,4,11,210000,normal_motion,1,-0.75,0,0
1019714,stairs_positive_step,4,11,210000,normal_motion,2,0,0.75,0.5
1019715,stairs_positive_step,4,11,210000,normal_motion,3,0,-0.75,-0.5
1019716,stairs_positive_step,4,11,210000,normal_motion,4,0.75,0,0
1019717,stairs_positive_step,4,11,210000,normal_motion,5,-0.75,0,0
1019718,stairs_positive_step,4,11,210000,normal_motion,6,0,0.75,0.5
1019719,stairs_positive_step,4,11,210000,normal_motion,7,0,-0.75,-0.5
1019776,stairs_positive_step,4,11,210001,standing,0,0,0,0
1019777,stairs_positive_step,4,11,210001,standing,1,0,0,0
1019778,stairs_positive_step,4,11,210001,standing,2,0,0,0
1019779,stairs_positive_step,4,11,210001,standing,3,0,0,0
1019780,stairs_positive_step,4,11,210001,standing,4,0,0,0
1019781,stairs_positive_step,4,11,210001,standing,5,0,0,0
1019782,stairs_positive_step,4,11,210001,standing,6,0,0,0
1019783,stairs_positive_step,4,11,210001,standing,7,0,0,0
1019840,stairs_positive_step,4,11,210001,low_speed,0,0.25,0,0
1019841,stairs_positive_step,4,11,210001,low_speed,1,-0.25,0,0
1019842,stairs_positive_step,4,11,210001,low_speed,2,0,0.25,0.25
1019843,stairs_positive_step,4,11,210001,low_speed,3,0,-0.25,-0.25
1019844,stairs_positive_step,4,11,210001,low_speed,4,0.25,0,0
1019845,stairs_positive_step,4,11,210001,low_speed,5,-0.25,0,0
1019846,stairs_positive_step,4,11,210001,low_speed,6,0,0.25,0.25
1019847,stairs_positive_step,4,11,210001,low_speed,7,0,-0.25,-0.25
1019904,stairs_positive_step,4,11,210001,normal_motion,0,0.75,0,0
1019905,stairs_positive_step,4,11,210001,normal_motion,1,-0.75,0,0
1019906,stairs_positive_step,4,11,210001,normal_motion,2,0,0.75,0.5
1019907,stairs_positive_step,4,11,210001,normal_motion,3,0,-0.75,-0.5
1019908,stairs_positive_step,4,11,210001,normal_motion,4,0.75,0,0
1019909,stairs_positive_step,4,11,210001,normal_motion,5,-0.75,0,0
1019910,stairs_positive_step,4,11,210001,normal_motion,6,0,0.75,0.5
1019911,stairs_positive_step,4,11,210001,normal_motion,7,0,-0.75,-0.5
1019968,stairs_positive_step,4,11,210002,standing,0,0,0,0
1019969,stairs_positive_step,4,11,210002,standing,1,0,0,0
1019970,stairs_positive_step,4,11,210002,standing,2,0,0,0
1019971,stairs_positive_step,4,11,210002,standing,3,0,0,0
1019972,stairs_positive_step,4,11,210002,standing,4,0,0,0
1019973,stairs_positive_step,4,11,210002,standing,5,0,0,0
1019974,stairs_positive_step,4,11,210002,standing,6,0,0,0
1019975,stairs_positive_step,4,11,210002,standing,7,0,0,0
1020032,stairs_positive_step,4,11,210002,low_speed,0,0.25,0,0
1020033,stairs_positive_step,4,11,210002,low_speed,1,-0.25,0,0
1020034,stairs_positive_step,4,11,210002,low_speed,2,0,0.25,0.25
1020035,stairs_positive_step,4,11,210002,low_speed,3,0,-0.25,-0.25
1020036,stairs_positive_step,4,11,210002,low_speed,4,0.25,0,0
1020037,stairs_positive_step,4,11,210002,low_speed,5,-0.25,0,0
1020038,stairs_positive_step,4,11,210002,low_speed,6,0,0.25,0.25
1020039,stairs_positive_step,4,11,210002,low_speed,7,0,-0.25,-0.25
1020096,stairs_positive_step,4,11,210002,normal_motion,0,0.75,0,0
1020097,stairs_positive_step,4,11,210002,normal_motion,1,-0.75,0,0
1020098,stairs_positive_step,4,11,210002,normal_motion,2,0,0.75,0.5
1020099,stairs_positive_step,4,11,210002,normal_motion,3,0,-0.75,-0.5
1020100,stairs_positive_step,4,11,210002,normal_motion,4,0.75,0,0
1020101,stairs_positive_step,4,11,210002,normal_motion,5,-0.75,0,0
1020102,stairs_positive_step,4,11,210002,normal_motion,6,0,0.75,0.5
1020103,stairs_positive_step,4,11,210002,normal_motion,7,0,-0.75,-0.5
1020160,stairs_positive_step,5,11,210000,standing,0,0,0,0
1020161,stairs_positive_step,5,11,210000,standing,1,0,0,0
1020162,stairs_positive_step,5,11,210000,standing,2,0,0,0
1020163,stairs_positive_step,5,11,210000,standing,3,0,0,0
1020164,stairs_positive_step,5,11,210000,standing,4,0,0,0
1020165,stairs_positive_step,5,11,210000,standing,5,0,0,0
1020166,stairs_positive_step,5,11,210000,standing,6,0,0,0
1020167,stairs_positive_step,5,11,210000,standing,7,0,0,0
1020224,stairs_positive_step,5,11,210000,low_speed,0,0.25,0,0
1020225,stairs_positive_step,5,11,210000,low_speed,1,-0.25,0,0
1020226,stairs_positive_step,5,11,210000,low_speed,2,0,0.25,0.25
1020227,stairs_positive_step,5,11,210000,low_speed,3,0,-0.25,-0.25
1020228,stairs_positive_step,5,11,210000,low_speed,4,0.25,0,0
1020229,stairs_positive_step,5,11,210000,low_speed,5,-0.25,0,0
1020230,stairs_positive_step,5,11,210000,low_speed,6,0,0.25,0.25
1020231,stairs_positive_step,5,11,210000,low_speed,7,0,-0.25,-0.25
1020288,stairs_positive_step,5,11,210000,normal_motion,0,0.75,0,0
1020289,stairs_positive_step,5,11,210000,normal_motion,1,-0.75,0,0
1020290,stairs_positive_step,5,11,210000,normal_motion,2,0,0.75,0.5
1020291,stairs_positive_step,5,11,210000,normal_motion,3,0,-0.75,-0.5
1020292,stairs_positive_step,5,11,210000,normal_motion,4,0.75,0,0
1020293,stairs_positive_step,5,11,210000,normal_motion,5,-0.75,0,0
1020294,stairs_positive_step,5,11,210000,normal_motion,6,0,0.75,0.5
1020295,stairs_positive_step,5,11,210000,normal_motion,7,0,-0.75,-0.5
1020352,stairs_positive_step,5,11,210001,standing,0,0,0,0
1020353,stairs_positive_step,5,11,210001,standing,1,0,0,0
1020354,stairs_positive_step,5,11,210001,standing,2,0,0,0
1020355,stairs_positive_step,5,11,210001,standing,3,0,0,0
1020356,stairs_positive_step,5,11,210001,standing,4,0,0,0
1020357,stairs_positive_step,5,11,210001,standing,5,0,0,0
1020358,stairs_positive_step,5,11,210001,standing,6,0,0,0
1020359,stairs_positive_step,5,11,210001,standing,7,0,0,0
1020416,stairs_positive_step,5,11,210001,low_speed,0,0.25,0,0
1020417,stairs_positive_step,5,11,210001,low_speed,1,-0.25,0,0
1020418,stairs_positive_step,5,11,210001,low_speed,2,0,0.25,0.25
1020419,stairs_positive_step,5,11,210001,low_speed,3,0,-0.25,-0.25
1020420,stairs_positive_step,5,11,210001,low_speed,4,0.25,0,0
1020421,stairs_positive_step,5,11,210001,low_speed,5,-0.25,0,0
1020422,stairs_positive_step,5,11,210001,low_speed,6,0,0.25,0.25
1020423,stairs_positive_step,5,11,210001,low_speed,7,0,-0.25,-0.25
1020480,stairs_positive_step,5,11,210001,normal_motion,0,0.75,0,0
1020481,stairs_positive_step,5,11,210001,normal_motion,1,-0.75,0,0
1020482,stairs_positive_step,5,11,210001,normal_motion,2,0,0.75,0.5
1020483,stairs_positive_step,5,11,210001,normal_motion,3,0,-0.75,-0.5
1020484,stairs_positive_step,5,11,210001,normal_motion,4,0.75,0,0
1020485,stairs_positive_step,5,11,210001,normal_motion,5,-0.75,0,0
1020486,stairs_positive_step,5,11,210001,normal_motion,6,0,0.75,0.5
1020487,stairs_positive_step,5,11,210001,normal_motion,7,0,-0.75,-0.5
1020544,stairs_positive_step,5,11,210002,standing,0,0,0,0
1020545,stairs_positive_step,5,11,210002,standing,1,0,0,0
1020546,stairs_positive_step,5,11,210002,standing,2,0,0,0
1020547,stairs_positive_step,5,11,210002,standing,3,0,0,0
1020548,stairs_positive_step,5,11,210002,standing,4,0,0,0
1020549,stairs_positive_step,5,11,210002,standing,5,0,0,0
1020550,stairs_positive_step,5,11,210002,standing,6,0,0,0
1020551,stairs_positive_step,5,11,210002,standing,7,0,0,0
1020608,stairs_positive_step,5,11,210002,low_speed,0,0.25,0,0
1020609,stairs_positive_step,5,11,210002,low_speed,1,-0.25,0,0
1020610,stairs_positive_step,5,11,210002,low_speed,2,0,0.25,0.25
1020611,stairs_positive_step,5,11,210002,low_speed,3,0,-0.25,-0.25
1020612,stairs_positive_step,5,11,210002,low_speed,4,0.25,0,0
1020613,stairs_positive_step,5,11,210002,low_speed,5,-0.25,0,0
1020614,stairs_positive_step,5,11,210002,low_speed,6,0,0.25,0.25
1020615,stairs_positive_step,5,11,210002,low_speed,7,0,-0.25,-0.25
1020672,stairs_positive_step,5,11,210002,normal_motion,0,0.75,0,0
1020673,stairs_positive_step,5,11,210002,normal_motion,1,-0.75,0,0
1020674,stairs_positive_step,5,11,210002,normal_motion,2,0,0.75,0.5
1020675,stairs_positive_step,5,11,210002,normal_motion,3,0,-0.75,-0.5
1020676,stairs_positive_step,5,11,210002,normal_motion,4,0.75,0,0
1020677,stairs_positive_step,5,11,210002,normal_motion,5,-0.75,0,0
1020678,stairs_positive_step,5,11,210002,normal_motion,6,0,0.75,0.5
1020679,stairs_positive_step,5,11,210002,normal_motion,7,0,-0.75,-0.5
1020736,stairs_positive_step,6,11,210000,standing,0,0,0,0
1020737,stairs_positive_step,6,11,210000,standing,1,0,0,0
1020738,stairs_positive_step,6,11,210000,standing,2,0,0,0
1020739,stairs_positive_step,6,11,210000,standing,3,0,0,0
1020740,stairs_positive_step,6,11,210000,standing,4,0,0,0
1020741,stairs_positive_step,6,11,210000,standing,5,0,0,0
1020742,stairs_positive_step,6,11,210000,standing,6,0,0,0
1020743,stairs_positive_step,6,11,210000,standing,7,0,0,0
1020800,stairs_positive_step,6,11,210000,low_speed,0,0.25,0,0
1020801,stairs_positive_step,6,11,210000,low_speed,1,-0.25,0,0
1020802,stairs_positive_step,6,11,210000,low_speed,2,0,0.25,0.25
1020803,stairs_positive_step,6,11,210000,low_speed,3,0,-0.25,-0.25
1020804,stairs_positive_step,6,11,210000,low_speed,4,0.25,0,0
1020805,stairs_positive_step,6,11,210000,low_speed,5,-0.25,0,0
1020806,stairs_positive_step,6,11,210000,low_speed,6,0,0.25,0.25
1020807,stairs_positive_step,6,11,210000,low_speed,7,0,-0.25,-0.25
1020864,stairs_positive_step,6,11,210000,normal_motion,0,0.75,0,0
1020865,stairs_positive_step,6,11,210000,normal_motion,1,-0.75,0,0
1020866,stairs_positive_step,6,11,210000,normal_motion,2,0,0.75,0.5
1020867,stairs_positive_step,6,11,210000,normal_motion,3,0,-0.75,-0.5
1020868,stairs_positive_step,6,11,210000,normal_motion,4,0.75,0,0
1020869,stairs_positive_step,6,11,210000,normal_motion,5,-0.75,0,0
1020870,stairs_positive_step,6,11,210000,normal_motion,6,0,0.75,0.5
1020871,stairs_positive_step,6,11,210000,normal_motion,7,0,-0.75,-0.5
1020928,stairs_positive_step,6,11,210001,standing,0,0,0,0
1020929,stairs_positive_step,6,11,210001,standing,1,0,0,0
1020930,stairs_positive_step,6,11,210001,standing,2,0,0,0
1020931,stairs_positive_step,6,11,210001,standing,3,0,0,0
1020932,stairs_positive_step,6,11,210001,standing,4,0,0,0
1020933,stairs_positive_step,6,11,210001,standing,5,0,0,0
1020934,stairs_positive_step,6,11,210001,standing,6,0,0,0
1020935,stairs_positive_step,6,11,210001,standing,7,0,0,0
1020992,stairs_positive_step,6,11,210001,low_speed,0,0.25,0,0
1020993,stairs_positive_step,6,11,210001,low_speed,1,-0.25,0,0
1020994,stairs_positive_step,6,11,210001,low_speed,2,0,0.25,0.25
1020995,stairs_positive_step,6,11,210001,low_speed,3,0,-0.25,-0.25
1020996,stairs_positive_step,6,11,210001,low_speed,4,0.25,0,0
1020997,stairs_positive_step,6,11,210001,low_speed,5,-0.25,0,0
1020998,stairs_positive_step,6,11,210001,low_speed,6,0,0.25,0.25
1020999,stairs_positive_step,6,11,210001,low_speed,7,0,-0.25,-0.25
1021056,stairs_positive_step,6,11,210001,normal_motion,0,0.75,0,0
1021057,stairs_positive_step,6,11,210001,normal_motion,1,-0.75,0,0
1021058,stairs_positive_step,6,11,210001,normal_motion,2,0,0.75,0.5
1021059,stairs_positive_step,6,11,210001,normal_motion,3,0,-0.75,-0.5
1021060,stairs_positive_step,6,11,210001,normal_motion,4,0.75,0,0
1021061,stairs_positive_step,6,11,210001,normal_motion,5,-0.75,0,0
1021062,stairs_positive_step,6,11,210001,normal_motion,6,0,0.75,0.5
1021063,stairs_positive_step,6,11,210001,normal_motion,7,0,-0.75,-0.5
1021120,stairs_positive_step,6,11,210002,standing,0,0,0,0
1021121,stairs_positive_step,6,11,210002,standing,1,0,0,0
1021122,stairs_positive_step,6,11,210002,standing,2,0,0,0
1021123,stairs_positive_step,6,11,210002,standing,3,0,0,0
1021124,stairs_positive_step,6,11,210002,standing,4,0,0,0
1021125,stairs_positive_step,6,11,210002,standing,5,0,0,0
1021126,stairs_positive_step,6,11,210002,standing,6,0,0,0
1021127,stairs_positive_step,6,11,210002,standing,7,0,0,0
1021184,stairs_positive_step,6,11,210002,low_speed,0,0.25,0,0
1021185,stairs_positive_step,6,11,210002,low_speed,1,-0.25,0,0
1021186,stairs_positive_step,6,11,210002,low_speed,2,0,0.25,0.25
1021187,stairs_positive_step,6,11,210002,low_speed,3,0,-0.25,-0.25
1021188,stairs_positive_step,6,11,210002,low_speed,4,0.25,0,0
1021189,stairs_positive_step,6,11,210002,low_speed,5,-0.25,0,0
1021190,stairs_positive_step,6,11,210002,low_speed,6,0,0.25,0.25
1021191,stairs_positive_step,6,11,210002,low_speed,7,0,-0.25,-0.25
1021248,stairs_positive_step,6,11,210002,normal_motion,0,0.75,0,0
1021249,stairs_positive_step,6,11,210002,normal_motion,1,-0.75,0,0
1021250,stairs_positive_step,6,11,210002,normal_motion,2,0,0.75,0.5
1021251,stairs_positive_step,6,11,210002,normal_motion,3,0,-0.75,-0.5
1021252,stairs_positive_step,6,11,210002,normal_motion,4,0.75,0,0
1021253,stairs_positive_step,6,11,210002,normal_motion,5,-0.75,0,0
1021254,stairs_positive_step,6,11,210002,normal_motion,6,0,0.75,0.5
1021255,stairs_positive_step,6,11,210002,normal_motion,7,0,-0.75,-0.5
1021312,stairs_positive_step,7,11,210000,standing,0,0,0,0
1021313,stairs_positive_step,7,11,210000,standing,1,0,0,0
1021314,stairs_positive_step,7,11,210000,standing,2,0,0,0
1021315,stairs_positive_step,7,11,210000,standing,3,0,0,0
1021316,stairs_positive_step,7,11,210000,standing,4,0,0,0
1021317,stairs_positive_step,7,11,210000,standing,5,0,0,0
1021318,stairs_positive_step,7,11,210000,standing,6,0,0,0
1021319,stairs_positive_step,7,11,210000,standing,7,0,0,0
1021376,stairs_positive_step,7,11,210000,low_speed,0,0.25,0,0
1021377,stairs_positive_step,7,11,210000,low_speed,1,-0.25,0,0
1021378,stairs_positive_step,7,11,210000,low_speed,2,0,0.25,0.25
1021379,stairs_positive_step,7,11,210000,low_speed,3,0,-0.25,-0.25
1021380,stairs_positive_step,7,11,210000,low_speed,4,0.25,0,0
1021381,stairs_positive_step,7,11,210000,low_speed,5,-0.25,0,0
1021382,stairs_positive_step,7,11,210000,low_speed,6,0,0.25,0.25
1021383,stairs_positive_step,7,11,210000,low_speed,7,0,-0.25,-0.25
1021440,stairs_positive_step,7,11,210000,normal_motion,0,0.75,0,0
1021441,stairs_positive_step,7,11,210000,normal_motion,1,-0.75,0,0
1021442,stairs_positive_step,7,11,210000,normal_motion,2,0,0.75,0.5
1021443,stairs_positive_step,7,11,210000,normal_motion,3,0,-0.75,-0.5
1021444,stairs_positive_step,7,11,210000,normal_motion,4,0.75,0,0
1021445,stairs_positive_step,7,11,210000,normal_motion,5,-0.75,0,0
1021446,stairs_positive_step,7,11,210000,normal_motion,6,0,0.75,0.5
1021447,stairs_positive_step,7,11,210000,normal_motion,7,0,-0.75,-0.5
1021504,stairs_positive_step,7,11,210001,standing,0,0,0,0
1021505,stairs_positive_step,7,11,210001,standing,1,0,0,0
1021506,stairs_positive_step,7,11,210001,standing,2,0,0,0
1021507,stairs_positive_step,7,11,210001,standing,3,0,0,0
1021508,stairs_positive_step,7,11,210001,standing,4,0,0,0
1021509,stairs_positive_step,7,11,210001,standing,5,0,0,0
1021510,stairs_positive_step,7,11,210001,standing,6,0,0,0
1021511,stairs_positive_step,7,11,210001,standing,7,0,0,0
1021568,stairs_positive_step,7,11,210001,low_speed,0,0.25,0,0
1021569,stairs_positive_step,7,11,210001,low_speed,1,-0.25,0,0
1021570,stairs_positive_step,7,11,210001,low_speed,2,0,0.25,0.25
1021571,stairs_positive_step,7,11,210001,low_speed,3,0,-0.25,-0.25
1021572,stairs_positive_step,7,11,210001,low_speed,4,0.25,0,0
1021573,stairs_positive_step,7,11,210001,low_speed,5,-0.25,0,0
1021574,stairs_positive_step,7,11,210001,low_speed,6,0,0.25,0.25
1021575,stairs_positive_step,7,11,210001,low_speed,7,0,-0.25,-0.25
1021632,stairs_positive_step,7,11,210001,normal_motion,0,0.75,0,0
1021633,stairs_positive_step,7,11,210001,normal_motion,1,-0.75,0,0
1021634,stairs_positive_step,7,11,210001,normal_motion,2,0,0.75,0.5
1021635,stairs_positive_step,7,11,210001,normal_motion,3,0,-0.75,-0.5
1021636,stairs_positive_step,7,11,210001,normal_motion,4,0.75,0,0
1021637,stairs_positive_step,7,11,210001,normal_motion,5,-0.75,0,0
1021638,stairs_positive_step,7,11,210001,normal_motion,6,0,0.75,0.5
1021639,stairs_positive_step,7,11,210001,normal_motion,7,0,-0.75,-0.5
1021696,stairs_positive_step,7,11,210002,standing,0,0,0,0
1021697,stairs_positive_step,7,11,210002,standing,1,0,0,0
1021698,stairs_positive_step,7,11,210002,standing,2,0,0,0
1021699,stairs_positive_step,7,11,210002,standing,3,0,0,0
1021700,stairs_positive_step,7,11,210002,standing,4,0,0,0
1021701,stairs_positive_step,7,11,210002,standing,5,0,0,0
1021702,stairs_positive_step,7,11,210002,standing,6,0,0,0
1021703,stairs_positive_step,7,11,210002,standing,7,0,0,0
1021760,stairs_positive_step,7,11,210002,low_speed,0,0.25,0,0
1021761,stairs_positive_step,7,11,210002,low_speed,1,-0.25,0,0
1021762,stairs_positive_step,7,11,210002,low_speed,2,0,0.25,0.25
1021763,stairs_positive_step,7,11,210002,low_speed,3,0,-0.25,-0.25
1021764,stairs_positive_step,7,11,210002,low_speed,4,0.25,0,0
1021765,stairs_positive_step,7,11,210002,low_speed,5,-0.25,0,0
1021766,stairs_positive_step,7,11,210002,low_speed,6,0,0.25,0.25
1021767,stairs_positive_step,7,11,210002,low_speed,7,0,-0.25,-0.25
1021824,stairs_positive_step,7,11,210002,normal_motion,0,0.75,0,0
1021825,stairs_positive_step,7,11,210002,normal_motion,1,-0.75,0,0
1021826,stairs_positive_step,7,11,210002,normal_motion,2,0,0.75,0.5
1021827,stairs_positive_step,7,11,210002,normal_motion,3,0,-0.75,-0.5
1021828,stairs_positive_step,7,11,210002,normal_motion,4,0.75,0,0
1021829,stairs_positive_step,7,11,210002,normal_motion,5,-0.75,0,0
1021830,stairs_positive_step,7,11,210002,normal_motion,6,0,0.75,0.5
1021831,stairs_positive_step,7,11,210002,normal_motion,7,0,-0.75,-0.5
1021888,stairs_positive_step,8,11,210000,standing,0,0,0,0
1021889,stairs_positive_step,8,11,210000,standing,1,0,0,0
1021890,stairs_positive_step,8,11,210000,standing,2,0,0,0
1021891,stairs_positive_step,8,11,210000,standing,3,0,0,0
1021892,stairs_positive_step,8,11,210000,standing,4,0,0,0
1021893,stairs_positive_step,8,11,210000,standing,5,0,0,0
1021894,stairs_positive_step,8,11,210000,standing,6,0,0,0
1021895,stairs_positive_step,8,11,210000,standing,7,0,0,0
1021952,stairs_positive_step,8,11,210000,low_speed,0,0.25,0,0
1021953,stairs_positive_step,8,11,210000,low_speed,1,-0.25,0,0
1021954,stairs_positive_step,8,11,210000,low_speed,2,0,0.25,0.25
1021955,stairs_positive_step,8,11,210000,low_speed,3,0,-0.25,-0.25
1021956,stairs_positive_step,8,11,210000,low_speed,4,0.25,0,0
1021957,stairs_positive_step,8,11,210000,low_speed,5,-0.25,0,0
1021958,stairs_positive_step,8,11,210000,low_speed,6,0,0.25,0.25
1021959,stairs_positive_step,8,11,210000,low_speed,7,0,-0.25,-0.25
1022016,stairs_positive_step,8,11,210000,normal_motion,0,0.75,0,0
1022017,stairs_positive_step,8,11,210000,normal_motion,1,-0.75,0,0
1022018,stairs_positive_step,8,11,210000,normal_motion,2,0,0.75,0.5
1022019,stairs_positive_step,8,11,210000,normal_motion,3,0,-0.75,-0.5
1022020,stairs_positive_step,8,11,210000,normal_motion,4,0.75,0,0
1022021,stairs_positive_step,8,11,210000,normal_motion,5,-0.75,0,0
1022022,stairs_positive_step,8,11,210000,normal_motion,6,0,0.75,0.5
1022023,stairs_positive_step,8,11,210000,normal_motion,7,0,-0.75,-0.5
1022080,stairs_positive_step,8,11,210001,standing,0,0,0,0
1022081,stairs_positive_step,8,11,210001,standing,1,0,0,0
1022082,stairs_positive_step,8,11,210001,standing,2,0,0,0
1022083,stairs_positive_step,8,11,210001,standing,3,0,0,0
1022084,stairs_positive_step,8,11,210001,standing,4,0,0,0
1022085,stairs_positive_step,8,11,210001,standing,5,0,0,0
1022086,stairs_positive_step,8,11,210001,standing,6,0,0,0
1022087,stairs_positive_step,8,11,210001,standing,7,0,0,0
1022144,stairs_positive_step,8,11,210001,low_speed,0,0.25,0,0
1022145,stairs_positive_step,8,11,210001,low_speed,1,-0.25,0,0
1022146,stairs_positive_step,8,11,210001,low_speed,2,0,0.25,0.25
1022147,stairs_positive_step,8,11,210001,low_speed,3,0,-0.25,-0.25
1022148,stairs_positive_step,8,11,210001,low_speed,4,0.25,0,0
1022149,stairs_positive_step,8,11,210001,low_speed,5,-0.25,0,0
1022150,stairs_positive_step,8,11,210001,low_speed,6,0,0.25,0.25
1022151,stairs_positive_step,8,11,210001,low_speed,7,0,-0.25,-0.25
1022208,stairs_positive_step,8,11,210001,normal_motion,0,0.75,0,0
1022209,stairs_positive_step,8,11,210001,normal_motion,1,-0.75,0,0
1022210,stairs_positive_step,8,11,210001,normal_motion,2,0,0.75,0.5
1022211,stairs_positive_step,8,11,210001,normal_motion,3,0,-0.75,-0.5
1022212,stairs_positive_step,8,11,210001,normal_motion,4,0.75,0,0
1022213,stairs_positive_step,8,11,210001,normal_motion,5,-0.75,0,0
1022214,stairs_positive_step,8,11,210001,normal_motion,6,0,0.75,0.5
1022215,stairs_positive_step,8,11,210001,normal_motion,7,0,-0.75,-0.5
1022272,stairs_positive_step,8,11,210002,standing,0,0,0,0
1022273,stairs_positive_step,8,11,210002,standing,1,0,0,0
1022274,stairs_positive_step,8,11,210002,standing,2,0,0,0
1022275,stairs_positive_step,8,11,210002,standing,3,0,0,0
1022276,stairs_positive_step,8,11,210002,standing,4,0,0,0
1022277,stairs_positive_step,8,11,210002,standing,5,0,0,0
1022278,stairs_positive_step,8,11,210002,standing,6,0,0,0
1022279,stairs_positive_step,8,11,210002,standing,7,0,0,0
1022336,stairs_positive_step,8,11,210002,low_speed,0,0.25,0,0
1022337,stairs_positive_step,8,11,210002,low_speed,1,-0.25,0,0
1022338,stairs_positive_step,8,11,210002,low_speed,2,0,0.25,0.25
1022339,stairs_positive_step,8,11,210002,low_speed,3,0,-0.25,-0.25
1022340,stairs_positive_step,8,11,210002,low_speed,4,0.25,0,0
1022341,stairs_positive_step,8,11,210002,low_speed,5,-0.25,0,0
1022342,stairs_positive_step,8,11,210002,low_speed,6,0,0.25,0.25
1022343,stairs_positive_step,8,11,210002,low_speed,7,0,-0.25,-0.25
1022400,stairs_positive_step,8,11,210002,normal_motion,0,0.75,0,0
1022401,stairs_positive_step,8,11,210002,normal_motion,1,-0.75,0,0
1022402,stairs_positive_step,8,11,210002,normal_motion,2,0,0.75,0.5
1022403,stairs_positive_step,8,11,210002,normal_motion,3,0,-0.75,-0.5
1022404,stairs_positive_step,8,11,210002,normal_motion,4,0.75,0,0
1022405,stairs_positive_step,8,11,210002,normal_motion,5,-0.75,0,0
1022406,stairs_positive_step,8,11,210002,normal_motion,6,0,0.75,0.5
1022407,stairs_positive_step,8,11,210002,normal_motion,7,0,-0.75,-0.5
1022464,stairs_positive_step,9,11,210000,standing,0,0,0,0
1022465,stairs_positive_step,9,11,210000,standing,1,0,0,0
1022466,stairs_positive_step,9,11,210000,standing,2,0,0,0
1022467,stairs_positive_step,9,11,210000,standing,3,0,0,0
1022468,stairs_positive_step,9,11,210000,standing,4,0,0,0
1022469,stairs_positive_step,9,11,210000,standing,5,0,0,0
1022470,stairs_positive_step,9,11,210000,standing,6,0,0,0
1022471,stairs_positive_step,9,11,210000,standing,7,0,0,0
1022528,stairs_positive_step,9,11,210000,low_speed,0,0.25,0,0
1022529,stairs_positive_step,9,11,210000,low_speed,1,-0.25,0,0
1022530,stairs_positive_step,9,11,210000,low_speed,2,0,0.25,0.25
1022531,stairs_positive_step,9,11,210000,low_speed,3,0,-0.25,-0.25
1022532,stairs_positive_step,9,11,210000,low_speed,4,0.25,0,0
1022533,stairs_positive_step,9,11,210000,low_speed,5,-0.25,0,0
1022534,stairs_positive_step,9,11,210000,low_speed,6,0,0.25,0.25
1022535,stairs_positive_step,9,11,210000,low_speed,7,0,-0.25,-0.25
1022592,stairs_positive_step,9,11,210000,normal_motion,0,0.75,0,0
1022593,stairs_positive_step,9,11,210000,normal_motion,1,-0.75,0,0
1022594,stairs_positive_step,9,11,210000,normal_motion,2,0,0.75,0.5
1022595,stairs_positive_step,9,11,210000,normal_motion,3,0,-0.75,-0.5
1022596,stairs_positive_step,9,11,210000,normal_motion,4,0.75,0,0
1022597,stairs_positive_step,9,11,210000,normal_motion,5,-0.75,0,0
1022598,stairs_positive_step,9,11,210000,normal_motion,6,0,0.75,0.5
1022599,stairs_positive_step,9,11,210000,normal_motion,7,0,-0.75,-0.5
1022656,stairs_positive_step,9,11,210001,standing,0,0,0,0
1022657,stairs_positive_step,9,11,210001,standing,1,0,0,0
1022658,stairs_positive_step,9,11,210001,standing,2,0,0,0
1022659,stairs_positive_step,9,11,210001,standing,3,0,0,0
1022660,stairs_positive_step,9,11,210001,standing,4,0,0,0
1022661,stairs_positive_step,9,11,210001,standing,5,0,0,0
1022662,stairs_positive_step,9,11,210001,standing,6,0,0,0
1022663,stairs_positive_step,9,11,210001,standing,7,0,0,0
1022720,stairs_positive_step,9,11,210001,low_speed,0,0.25,0,0
1022721,stairs_positive_step,9,11,210001,low_speed,1,-0.25,0,0
1022722,stairs_positive_step,9,11,210001,low_speed,2,0,0.25,0.25
1022723,stairs_positive_step,9,11,210001,low_speed,3,0,-0.25,-0.25
1022724,stairs_positive_step,9,11,210001,low_speed,4,0.25,0,0
1022725,stairs_positive_step,9,11,210001,low_speed,5,-0.25,0,0
1022726,stairs_positive_step,9,11,210001,low_speed,6,0,0.25,0.25
1022727,stairs_positive_step,9,11,210001,low_speed,7,0,-0.25,-0.25
1022784,stairs_positive_step,9,11,210001,normal_motion,0,0.75,0,0
1022785,stairs_positive_step,9,11,210001,normal_motion,1,-0.75,0,0
1022786,stairs_positive_step,9,11,210001,normal_motion,2,0,0.75,0.5
1022787,stairs_positive_step,9,11,210001,normal_motion,3,0,-0.75,-0.5
1022788,stairs_positive_step,9,11,210001,normal_motion,4,0.75,0,0
1022789,stairs_positive_step,9,11,210001,normal_motion,5,-0.75,0,0
1022790,stairs_positive_step,9,11,210001,normal_motion,6,0,0.75,0.5
1022791,stairs_positive_step,9,11,210001,normal_motion,7,0,-0.75,-0.5
1022848,stairs_positive_step,9,11,210002,standing,0,0,0,0
1022849,stairs_positive_step,9,11,210002,standing,1,0,0,0
1022850,stairs_positive_step,9,11,210002,standing,2,0,0,0
1022851,stairs_positive_step,9,11,210002,standing,3,0,0,0
1022852,stairs_positive_step,9,11,210002,standing,4,0,0,0
1022853,stairs_positive_step,9,11,210002,standing,5,0,0,0
1022854,stairs_positive_step,9,11,210002,standing,6,0,0,0
1022855,stairs_positive_step,9,11,210002,standing,7,0,0,0
1022912,stairs_positive_step,9,11,210002,low_speed,0,0.25,0,0
1022913,stairs_positive_step,9,11,210002,low_speed,1,-0.25,0,0
1022914,stairs_positive_step,9,11,210002,low_speed,2,0,0.25,0.25
1022915,stairs_positive_step,9,11,210002,low_speed,3,0,-0.25,-0.25
1022916,stairs_positive_step,9,11,210002,low_speed,4,0.25,0,0
1022917,stairs_positive_step,9,11,210002,low_speed,5,-0.25,0,0
1022918,stairs_positive_step,9,11,210002,low_speed,6,0,0.25,0.25
1022919,stairs_positive_step,9,11,210002,low_speed,7,0,-0.25,-0.25
1022976,stairs_positive_step,9,11,210002,normal_motion,0,0.75,0,0
1022977,stairs_positive_step,9,11,210002,normal_motion,1,-0.75,0,0
1022978,stairs_positive_step,9,11,210002,normal_motion,2,0,0.75,0.5
1022979,stairs_positive_step,9,11,210002,normal_motion,3,0,-0.75,-0.5
1022980,stairs_positive_step,9,11,210002,normal_motion,4,0.75,0,0
1022981,stairs_positive_step,9,11,210002,normal_motion,5,-0.75,0,0
1022982,stairs_positive_step,9,11,210002,normal_motion,6,0,0.75,0.5
1022983,stairs_positive_step,9,11,210002,normal_motion,7,0,-0.75,-0.5
1023040,boxes,0,16,210000,standing,0,0,0,0
1023041,boxes,0,16,210000,standing,1,0,0,0
1023042,boxes,0,16,210000,standing,2,0,0,0
1023043,boxes,0,16,210000,standing,3,0,0,0
1023044,boxes,0,16,210000,standing,4,0,0,0
1023045,boxes,0,16,210000,standing,5,0,0,0
1023046,boxes,0,16,210000,standing,6,0,0,0
1023047,boxes,0,16,210000,standing,7,0,0,0
1023104,boxes,0,16,210000,low_speed,0,0.25,0,0
1023105,boxes,0,16,210000,low_speed,1,-0.25,0,0
1023106,boxes,0,16,210000,low_speed,2,0,0.25,0.25
1023107,boxes,0,16,210000,low_speed,3,0,-0.25,-0.25
1023108,boxes,0,16,210000,low_speed,4,0.25,0,0
1023109,boxes,0,16,210000,low_speed,5,-0.25,0,0
1023110,boxes,0,16,210000,low_speed,6,0,0.25,0.25
1023111,boxes,0,16,210000,low_speed,7,0,-0.25,-0.25
1023168,boxes,0,16,210000,normal_motion,0,0.75,0,0
1023169,boxes,0,16,210000,normal_motion,1,-0.75,0,0
1023170,boxes,0,16,210000,normal_motion,2,0,0.75,0.5
1023171,boxes,0,16,210000,normal_motion,3,0,-0.75,-0.5
1023172,boxes,0,16,210000,normal_motion,4,0.75,0,0
1023173,boxes,0,16,210000,normal_motion,5,-0.75,0,0
1023174,boxes,0,16,210000,normal_motion,6,0,0.75,0.5
1023175,boxes,0,16,210000,normal_motion,7,0,-0.75,-0.5
1023232,boxes,0,16,210001,standing,0,0,0,0
1023233,boxes,0,16,210001,standing,1,0,0,0
1023234,boxes,0,16,210001,standing,2,0,0,0
1023235,boxes,0,16,210001,standing,3,0,0,0
1023236,boxes,0,16,210001,standing,4,0,0,0
1023237,boxes,0,16,210001,standing,5,0,0,0
1023238,boxes,0,16,210001,standing,6,0,0,0
1023239,boxes,0,16,210001,standing,7,0,0,0
1023296,boxes,0,16,210001,low_speed,0,0.25,0,0
1023297,boxes,0,16,210001,low_speed,1,-0.25,0,0
1023298,boxes,0,16,210001,low_speed,2,0,0.25,0.25
1023299,boxes,0,16,210001,low_speed,3,0,-0.25,-0.25
1023300,boxes,0,16,210001,low_speed,4,0.25,0,0
1023301,boxes,0,16,210001,low_speed,5,-0.25,0,0
1023302,boxes,0,16,210001,low_speed,6,0,0.25,0.25
1023303,boxes,0,16,210001,low_speed,7,0,-0.25,-0.25
1023360,boxes,0,16,210001,normal_motion,0,0.75,0,0
1023361,boxes,0,16,210001,normal_motion,1,-0.75,0,0
1023362,boxes,0,16,210001,normal_motion,2,0,0.75,0.5
1023363,boxes,0,16,210001,normal_motion,3,0,-0.75,-0.5
1023364,boxes,0,16,210001,normal_motion,4,0.75,0,0
1023365,boxes,0,16,210001,normal_motion,5,-0.75,0,0
1023366,boxes,0,16,210001,normal_motion,6,0,0.75,0.5
1023367,boxes,0,16,210001,normal_motion,7,0,-0.75,-0.5
1023424,boxes,0,16,210002,standing,0,0,0,0
1023425,boxes,0,16,210002,standing,1,0,0,0
1023426,boxes,0,16,210002,standing,2,0,0,0
1023427,boxes,0,16,210002,standing,3,0,0,0
1023428,boxes,0,16,210002,standing,4,0,0,0
1023429,boxes,0,16,210002,standing,5,0,0,0
1023430,boxes,0,16,210002,standing,6,0,0,0
1023431,boxes,0,16,210002,standing,7,0,0,0
1023488,boxes,0,16,210002,low_speed,0,0.25,0,0
1023489,boxes,0,16,210002,low_speed,1,-0.25,0,0
1023490,boxes,0,16,210002,low_speed,2,0,0.25,0.25
1023491,boxes,0,16,210002,low_speed,3,0,-0.25,-0.25
1023492,boxes,0,16,210002,low_speed,4,0.25,0,0
1023493,boxes,0,16,210002,low_speed,5,-0.25,0,0
1023494,boxes,0,16,210002,low_speed,6,0,0.25,0.25
1023495,boxes,0,16,210002,low_speed,7,0,-0.25,-0.25
1023552,boxes,0,16,210002,normal_motion,0,0.75,0,0
1023553,boxes,0,16,210002,normal_motion,1,-0.75,0,0
1023554,boxes,0,16,210002,normal_motion,2,0,0.75,0.5
1023555,boxes,0,16,210002,normal_motion,3,0,-0.75,-0.5
1023556,boxes,0,16,210002,normal_motion,4,0.75,0,0
1023557,boxes,0,16,210002,normal_motion,5,-0.75,0,0
1023558,boxes,0,16,210002,normal_motion,6,0,0.75,0.5
1023559,boxes,0,16,210002,normal_motion,7,0,-0.75,-0.5
1023616,boxes,1,16,210000,standing,0,0,0,0
1023617,boxes,1,16,210000,standing,1,0,0,0
1023618,boxes,1,16,210000,standing,2,0,0,0
1023619,boxes,1,16,210000,standing,3,0,0,0
1023620,boxes,1,16,210000,standing,4,0,0,0
1023621,boxes,1,16,210000,standing,5,0,0,0
1023622,boxes,1,16,210000,standing,6,0,0,0
1023623,boxes,1,16,210000,standing,7,0,0,0
1023680,boxes,1,16,210000,low_speed,0,0.25,0,0
1023681,boxes,1,16,210000,low_speed,1,-0.25,0,0
1023682,boxes,1,16,210000,low_speed,2,0,0.25,0.25
1023683,boxes,1,16,210000,low_speed,3,0,-0.25,-0.25
1023684,boxes,1,16,210000,low_speed,4,0.25,0,0
1023685,boxes,1,16,210000,low_speed,5,-0.25,0,0
1023686,boxes,1,16,210000,low_speed,6,0,0.25,0.25
1023687,boxes,1,16,210000,low_speed,7,0,-0.25,-0.25
1023744,boxes,1,16,210000,normal_motion,0,0.75,0,0
1023745,boxes,1,16,210000,normal_motion,1,-0.75,0,0
1023746,boxes,1,16,210000,normal_motion,2,0,0.75,0.5
1023747,boxes,1,16,210000,normal_motion,3,0,-0.75,-0.5
1023748,boxes,1,16,210000,normal_motion,4,0.75,0,0
1023749,boxes,1,16,210000,normal_motion,5,-0.75,0,0
1023750,boxes,1,16,210000,normal_motion,6,0,0.75,0.5
1023751,boxes,1,16,210000,normal_motion,7,0,-0.75,-0.5
1023808,boxes,1,16,210001,standing,0,0,0,0
1023809,boxes,1,16,210001,standing,1,0,0,0
1023810,boxes,1,16,210001,standing,2,0,0,0
1023811,boxes,1,16,210001,standing,3,0,0,0
1023812,boxes,1,16,210001,standing,4,0,0,0
1023813,boxes,1,16,210001,standing,5,0,0,0
1023814,boxes,1,16,210001,standing,6,0,0,0
1023815,boxes,1,16,210001,standing,7,0,0,0
1023872,boxes,1,16,210001,low_speed,0,0.25,0,0
1023873,boxes,1,16,210001,low_speed,1,-0.25,0,0
1023874,boxes,1,16,210001,low_speed,2,0,0.25,0.25
1023875,boxes,1,16,210001,low_speed,3,0,-0.25,-0.25
1023876,boxes,1,16,210001,low_speed,4,0.25,0,0
1023877,boxes,1,16,210001,low_speed,5,-0.25,0,0
1023878,boxes,1,16,210001,low_speed,6,0,0.25,0.25
1023879,boxes,1,16,210001,low_speed,7,0,-0.25,-0.25
1023936,boxes,1,16,210001,normal_motion,0,0.75,0,0
1023937,boxes,1,16,210001,normal_motion,1,-0.75,0,0
1023938,boxes,1,16,210001,normal_motion,2,0,0.75,0.5
1023939,boxes,1,16,210001,normal_motion,3,0,-0.75,-0.5
1023940,boxes,1,16,210001,normal_motion,4,0.75,0,0
1023941,boxes,1,16,210001,normal_motion,5,-0.75,0,0
1023942,boxes,1,16,210001,normal_motion,6,0,0.75,0.5
1023943,boxes,1,16,210001,normal_motion,7,0,-0.75,-0.5
1024000,boxes,1,16,210002,standing,0,0,0,0
1024001,boxes,1,16,210002,standing,1,0,0,0
1024002,boxes,1,16,210002,standing,2,0,0,0
1024003,boxes,1,16,210002,standing,3,0,0,0
1024004,boxes,1,16,210002,standing,4,0,0,0
1024005,boxes,1,16,210002,standing,5,0,0,0
1024006,boxes,1,16,210002,standing,6,0,0,0
1024007,boxes,1,16,210002,standing,7,0,0,0
1024064,boxes,1,16,210002,low_speed,0,0.25,0,0
1024065,boxes,1,16,210002,low_speed,1,-0.25,0,0
1024066,boxes,1,16,210002,low_speed,2,0,0.25,0.25
1024067,boxes,1,16,210002,low_speed,3,0,-0.25,-0.25
1024068,boxes,1,16,210002,low_speed,4,0.25,0,0
1024069,boxes,1,16,210002,low_speed,5,-0.25,0,0
1024070,boxes,1,16,210002,low_speed,6,0,0.25,0.25
1024071,boxes,1,16,210002,low_speed,7,0,-0.25,-0.25
1024128,boxes,1,16,210002,normal_motion,0,0.75,0,0
1024129,boxes,1,16,210002,normal_motion,1,-0.75,0,0
1024130,boxes,1,16,210002,normal_motion,2,0,0.75,0.5
1024131,boxes,1,16,210002,normal_motion,3,0,-0.75,-0.5
1024132,boxes,1,16,210002,normal_motion,4,0.75,0,0
1024133,boxes,1,16,210002,normal_motion,5,-0.75,0,0
1024134,boxes,1,16,210002,normal_motion,6,0,0.75,0.5
1024135,boxes,1,16,210002,normal_motion,7,0,-0.75,-0.5
1024192,boxes,2,16,210000,standing,0,0,0,0
1024193,boxes,2,16,210000,standing,1,0,0,0
1024194,boxes,2,16,210000,standing,2,0,0,0
1024195,boxes,2,16,210000,standing,3,0,0,0
1024196,boxes,2,16,210000,standing,4,0,0,0
1024197,boxes,2,16,210000,standing,5,0,0,0
1024198,boxes,2,16,210000,standing,6,0,0,0
1024199,boxes,2,16,210000,standing,7,0,0,0
1024256,boxes,2,16,210000,low_speed,0,0.25,0,0
1024257,boxes,2,16,210000,low_speed,1,-0.25,0,0
1024258,boxes,2,16,210000,low_speed,2,0,0.25,0.25
1024259,boxes,2,16,210000,low_speed,3,0,-0.25,-0.25
1024260,boxes,2,16,210000,low_speed,4,0.25,0,0
1024261,boxes,2,16,210000,low_speed,5,-0.25,0,0
1024262,boxes,2,16,210000,low_speed,6,0,0.25,0.25
1024263,boxes,2,16,210000,low_speed,7,0,-0.25,-0.25
1024320,boxes,2,16,210000,normal_motion,0,0.75,0,0
1024321,boxes,2,16,210000,normal_motion,1,-0.75,0,0
1024322,boxes,2,16,210000,normal_motion,2,0,0.75,0.5
1024323,boxes,2,16,210000,normal_motion,3,0,-0.75,-0.5
1024324,boxes,2,16,210000,normal_motion,4,0.75,0,0
1024325,boxes,2,16,210000,normal_motion,5,-0.75,0,0
1024326,boxes,2,16,210000,normal_motion,6,0,0.75,0.5
1024327,boxes,2,16,210000,normal_motion,7,0,-0.75,-0.5
1024384,boxes,2,16,210001,standing,0,0,0,0
1024385,boxes,2,16,210001,standing,1,0,0,0
1024386,boxes,2,16,210001,standing,2,0,0,0
1024387,boxes,2,16,210001,standing,3,0,0,0
1024388,boxes,2,16,210001,standing,4,0,0,0
1024389,boxes,2,16,210001,standing,5,0,0,0
1024390,boxes,2,16,210001,standing,6,0,0,0
1024391,boxes,2,16,210001,standing,7,0,0,0
1024448,boxes,2,16,210001,low_speed,0,0.25,0,0
1024449,boxes,2,16,210001,low_speed,1,-0.25,0,0
1024450,boxes,2,16,210001,low_speed,2,0,0.25,0.25
1024451,boxes,2,16,210001,low_speed,3,0,-0.25,-0.25
1024452,boxes,2,16,210001,low_speed,4,0.25,0,0
1024453,boxes,2,16,210001,low_speed,5,-0.25,0,0
1024454,boxes,2,16,210001,low_speed,6,0,0.25,0.25
1024455,boxes,2,16,210001,low_speed,7,0,-0.25,-0.25
1024512,boxes,2,16,210001,normal_motion,0,0.75,0,0
1024513,boxes,2,16,210001,normal_motion,1,-0.75,0,0
1024514,boxes,2,16,210001,normal_motion,2,0,0.75,0.5
1024515,boxes,2,16,210001,normal_motion,3,0,-0.75,-0.5
1024516,boxes,2,16,210001,normal_motion,4,0.75,0,0
1024517,boxes,2,16,210001,normal_motion,5,-0.75,0,0
1024518,boxes,2,16,210001,normal_motion,6,0,0.75,0.5
1024519,boxes,2,16,210001,normal_motion,7,0,-0.75,-0.5
1024576,boxes,2,16,210002,standing,0,0,0,0
1024577,boxes,2,16,210002,standing,1,0,0,0
1024578,boxes,2,16,210002,standing,2,0,0,0
1024579,boxes,2,16,210002,standing,3,0,0,0
1024580,boxes,2,16,210002,standing,4,0,0,0
1024581,boxes,2,16,210002,standing,5,0,0,0
1024582,boxes,2,16,210002,standing,6,0,0,0
1024583,boxes,2,16,210002,standing,7,0,0,0
1024640,boxes,2,16,210002,low_speed,0,0.25,0,0
1024641,boxes,2,16,210002,low_speed,1,-0.25,0,0
1024642,boxes,2,16,210002,low_speed,2,0,0.25,0.25
1024643,boxes,2,16,210002,low_speed,3,0,-0.25,-0.25
1024644,boxes,2,16,210002,low_speed,4,0.25,0,0
1024645,boxes,2,16,210002,low_speed,5,-0.25,0,0
1024646,boxes,2,16,210002,low_speed,6,0,0.25,0.25
1024647,boxes,2,16,210002,low_speed,7,0,-0.25,-0.25
1024704,boxes,2,16,210002,normal_motion,0,0.75,0,0
1024705,boxes,2,16,210002,normal_motion,1,-0.75,0,0
1024706,boxes,2,16,210002,normal_motion,2,0,0.75,0.5
1024707,boxes,2,16,210002,normal_motion,3,0,-0.75,-0.5
1024708,boxes,2,16,210002,normal_motion,4,0.75,0,0
1024709,boxes,2,16,210002,normal_motion,5,-0.75,0,0
1024710,boxes,2,16,210002,normal_motion,6,0,0.75,0.5
1024711,boxes,2,16,210002,normal_motion,7,0,-0.75,-0.5
1024768,boxes,3,16,210000,standing,0,0,0,0
1024769,boxes,3,16,210000,standing,1,0,0,0
1024770,boxes,3,16,210000,standing,2,0,0,0
1024771,boxes,3,16,210000,standing,3,0,0,0
1024772,boxes,3,16,210000,standing,4,0,0,0
1024773,boxes,3,16,210000,standing,5,0,0,0
1024774,boxes,3,16,210000,standing,6,0,0,0
1024775,boxes,3,16,210000,standing,7,0,0,0
1024832,boxes,3,16,210000,low_speed,0,0.25,0,0
1024833,boxes,3,16,210000,low_speed,1,-0.25,0,0
1024834,boxes,3,16,210000,low_speed,2,0,0.25,0.25
1024835,boxes,3,16,210000,low_speed,3,0,-0.25,-0.25
1024836,boxes,3,16,210000,low_speed,4,0.25,0,0
1024837,boxes,3,16,210000,low_speed,5,-0.25,0,0
1024838,boxes,3,16,210000,low_speed,6,0,0.25,0.25
1024839,boxes,3,16,210000,low_speed,7,0,-0.25,-0.25
1024896,boxes,3,16,210000,normal_motion,0,0.75,0,0
1024897,boxes,3,16,210000,normal_motion,1,-0.75,0,0
1024898,boxes,3,16,210000,normal_motion,2,0,0.75,0.5
1024899,boxes,3,16,210000,normal_motion,3,0,-0.75,-0.5
1024900,boxes,3,16,210000,normal_motion,4,0.75,0,0
1024901,boxes,3,16,210000,normal_motion,5,-0.75,0,0
1024902,boxes,3,16,210000,normal_motion,6,0,0.75,0.5
1024903,boxes,3,16,210000,normal_motion,7,0,-0.75,-0.5
1024960,boxes,3,16,210001,standing,0,0,0,0
1024961,boxes,3,16,210001,standing,1,0,0,0
1024962,boxes,3,16,210001,standing,2,0,0,0
1024963,boxes,3,16,210001,standing,3,0,0,0
1024964,boxes,3,16,210001,standing,4,0,0,0
1024965,boxes,3,16,210001,standing,5,0,0,0
1024966,boxes,3,16,210001,standing,6,0,0,0
1024967,boxes,3,16,210001,standing,7,0,0,0
1025024,boxes,3,16,210001,low_speed,0,0.25,0,0
1025025,boxes,3,16,210001,low_speed,1,-0.25,0,0
1025026,boxes,3,16,210001,low_speed,2,0,0.25,0.25
1025027,boxes,3,16,210001,low_speed,3,0,-0.25,-0.25
1025028,boxes,3,16,210001,low_speed,4,0.25,0,0
1025029,boxes,3,16,210001,low_speed,5,-0.25,0,0
1025030,boxes,3,16,210001,low_speed,6,0,0.25,0.25
1025031,boxes,3,16,210001,low_speed,7,0,-0.25,-0.25
1025088,boxes,3,16,210001,normal_motion,0,0.75,0,0
1025089,boxes,3,16,210001,normal_motion,1,-0.75,0,0
1025090,boxes,3,16,210001,normal_motion,2,0,0.75,0.5
1025091,boxes,3,16,210001,normal_motion,3,0,-0.75,-0.5
1025092,boxes,3,16,210001,normal_motion,4,0.75,0,0
1025093,boxes,3,16,210001,normal_motion,5,-0.75,0,0
1025094,boxes,3,16,210001,normal_motion,6,0,0.75,0.5
1025095,boxes,3,16,210001,normal_motion,7,0,-0.75,-0.5
1025152,boxes,3,16,210002,standing,0,0,0,0
1025153,boxes,3,16,210002,standing,1,0,0,0
1025154,boxes,3,16,210002,standing,2,0,0,0
1025155,boxes,3,16,210002,standing,3,0,0,0
1025156,boxes,3,16,210002,standing,4,0,0,0
1025157,boxes,3,16,210002,standing,5,0,0,0
1025158,boxes,3,16,210002,standing,6,0,0,0
1025159,boxes,3,16,210002,standing,7,0,0,0
1025216,boxes,3,16,210002,low_speed,0,0.25,0,0
1025217,boxes,3,16,210002,low_speed,1,-0.25,0,0
1025218,boxes,3,16,210002,low_speed,2,0,0.25,0.25
1025219,boxes,3,16,210002,low_speed,3,0,-0.25,-0.25
1025220,boxes,3,16,210002,low_speed,4,0.25,0,0
1025221,boxes,3,16,210002,low_speed,5,-0.25,0,0
1025222,boxes,3,16,210002,low_speed,6,0,0.25,0.25
1025223,boxes,3,16,210002,low_speed,7,0,-0.25,-0.25
1025280,boxes,3,16,210002,normal_motion,0,0.75,0,0
1025281,boxes,3,16,210002,normal_motion,1,-0.75,0,0
1025282,boxes,3,16,210002,normal_motion,2,0,0.75,0.5
1025283,boxes,3,16,210002,normal_motion,3,0,-0.75,-0.5
1025284,boxes,3,16,210002,normal_motion,4,0.75,0,0
1025285,boxes,3,16,210002,normal_motion,5,-0.75,0,0
1025286,boxes,3,16,210002,normal_motion,6,0,0.75,0.5
1025287,boxes,3,16,210002,normal_motion,7,0,-0.75,-0.5
1025344,boxes,4,16,210000,standing,0,0,0,0
1025345,boxes,4,16,210000,standing,1,0,0,0
1025346,boxes,4,16,210000,standing,2,0,0,0
1025347,boxes,4,16,210000,standing,3,0,0,0
1025348,boxes,4,16,210000,standing,4,0,0,0
1025349,boxes,4,16,210000,standing,5,0,0,0
1025350,boxes,4,16,210000,standing,6,0,0,0
1025351,boxes,4,16,210000,standing,7,0,0,0
1025408,boxes,4,16,210000,low_speed,0,0.25,0,0
1025409,boxes,4,16,210000,low_speed,1,-0.25,0,0
1025410,boxes,4,16,210000,low_speed,2,0,0.25,0.25
1025411,boxes,4,16,210000,low_speed,3,0,-0.25,-0.25
1025412,boxes,4,16,210000,low_speed,4,0.25,0,0
1025413,boxes,4,16,210000,low_speed,5,-0.25,0,0
1025414,boxes,4,16,210000,low_speed,6,0,0.25,0.25
1025415,boxes,4,16,210000,low_speed,7,0,-0.25,-0.25
1025472,boxes,4,16,210000,normal_motion,0,0.75,0,0
1025473,boxes,4,16,210000,normal_motion,1,-0.75,0,0
1025474,boxes,4,16,210000,normal_motion,2,0,0.75,0.5
1025475,boxes,4,16,210000,normal_motion,3,0,-0.75,-0.5
1025476,boxes,4,16,210000,normal_motion,4,0.75,0,0
1025477,boxes,4,16,210000,normal_motion,5,-0.75,0,0
1025478,boxes,4,16,210000,normal_motion,6,0,0.75,0.5
1025479,boxes,4,16,210000,normal_motion,7,0,-0.75,-0.5
1025536,boxes,4,16,210001,standing,0,0,0,0
1025537,boxes,4,16,210001,standing,1,0,0,0
1025538,boxes,4,16,210001,standing,2,0,0,0
1025539,boxes,4,16,210001,standing,3,0,0,0
1025540,boxes,4,16,210001,standing,4,0,0,0
1025541,boxes,4,16,210001,standing,5,0,0,0
1025542,boxes,4,16,210001,standing,6,0,0,0
1025543,boxes,4,16,210001,standing,7,0,0,0
1025600,boxes,4,16,210001,low_speed,0,0.25,0,0
1025601,boxes,4,16,210001,low_speed,1,-0.25,0,0
1025602,boxes,4,16,210001,low_speed,2,0,0.25,0.25
1025603,boxes,4,16,210001,low_speed,3,0,-0.25,-0.25
1025604,boxes,4,16,210001,low_speed,4,0.25,0,0
1025605,boxes,4,16,210001,low_speed,5,-0.25,0,0
1025606,boxes,4,16,210001,low_speed,6,0,0.25,0.25
1025607,boxes,4,16,210001,low_speed,7,0,-0.25,-0.25
1025664,boxes,4,16,210001,normal_motion,0,0.75,0,0
1025665,boxes,4,16,210001,normal_motion,1,-0.75,0,0
1025666,boxes,4,16,210001,normal_motion,2,0,0.75,0.5
1025667,boxes,4,16,210001,normal_motion,3,0,-0.75,-0.5
1025668,boxes,4,16,210001,normal_motion,4,0.75,0,0
1025669,boxes,4,16,210001,normal_motion,5,-0.75,0,0
1025670,boxes,4,16,210001,normal_motion,6,0,0.75,0.5
1025671,boxes,4,16,210001,normal_motion,7,0,-0.75,-0.5
1025728,boxes,4,16,210002,standing,0,0,0,0
1025729,boxes,4,16,210002,standing,1,0,0,0
1025730,boxes,4,16,210002,standing,2,0,0,0
1025731,boxes,4,16,210002,standing,3,0,0,0
1025732,boxes,4,16,210002,standing,4,0,0,0
1025733,boxes,4,16,210002,standing,5,0,0,0
1025734,boxes,4,16,210002,standing,6,0,0,0
1025735,boxes,4,16,210002,standing,7,0,0,0
1025792,boxes,4,16,210002,low_speed,0,0.25,0,0
1025793,boxes,4,16,210002,low_speed,1,-0.25,0,0
1025794,boxes,4,16,210002,low_speed,2,0,0.25,0.25
1025795,boxes,4,16,210002,low_speed,3,0,-0.25,-0.25
1025796,boxes,4,16,210002,low_speed,4,0.25,0,0
1025797,boxes,4,16,210002,low_speed,5,-0.25,0,0
1025798,boxes,4,16,210002,low_speed,6,0,0.25,0.25
1025799,boxes,4,16,210002,low_speed,7,0,-0.25,-0.25
1025856,boxes,4,16,210002,normal_motion,0,0.75,0,0
1025857,boxes,4,16,210002,normal_motion,1,-0.75,0,0
1025858,boxes,4,16,210002,normal_motion,2,0,0.75,0.5
1025859,boxes,4,16,210002,normal_motion,3,0,-0.75,-0.5
1025860,boxes,4,16,210002,normal_motion,4,0.75,0,0
1025861,boxes,4,16,210002,normal_motion,5,-0.75,0,0
1025862,boxes,4,16,210002,normal_motion,6,0,0.75,0.5
1025863,boxes,4,16,210002,normal_motion,7,0,-0.75,-0.5
1025920,boxes,5,16,210000,standing,0,0,0,0
1025921,boxes,5,16,210000,standing,1,0,0,0
1025922,boxes,5,16,210000,standing,2,0,0,0
1025923,boxes,5,16,210000,standing,3,0,0,0
1025924,boxes,5,16,210000,standing,4,0,0,0
1025925,boxes,5,16,210000,standing,5,0,0,0
1025926,boxes,5,16,210000,standing,6,0,0,0
1025927,boxes,5,16,210000,standing,7,0,0,0
1025984,boxes,5,16,210000,low_speed,0,0.25,0,0
1025985,boxes,5,16,210000,low_speed,1,-0.25,0,0
1025986,boxes,5,16,210000,low_speed,2,0,0.25,0.25
1025987,boxes,5,16,210000,low_speed,3,0,-0.25,-0.25
1025988,boxes,5,16,210000,low_speed,4,0.25,0,0
1025989,boxes,5,16,210000,low_speed,5,-0.25,0,0
1025990,boxes,5,16,210000,low_speed,6,0,0.25,0.25
1025991,boxes,5,16,210000,low_speed,7,0,-0.25,-0.25
1026048,boxes,5,16,210000,normal_motion,0,0.75,0,0
1026049,boxes,5,16,210000,normal_motion,1,-0.75,0,0
1026050,boxes,5,16,210000,normal_motion,2,0,0.75,0.5
1026051,boxes,5,16,210000,normal_motion,3,0,-0.75,-0.5
1026052,boxes,5,16,210000,normal_motion,4,0.75,0,0
1026053,boxes,5,16,210000,normal_motion,5,-0.75,0,0
1026054,boxes,5,16,210000,normal_motion,6,0,0.75,0.5
1026055,boxes,5,16,210000,normal_motion,7,0,-0.75,-0.5
1026112,boxes,5,16,210001,standing,0,0,0,0
1026113,boxes,5,16,210001,standing,1,0,0,0
1026114,boxes,5,16,210001,standing,2,0,0,0
1026115,boxes,5,16,210001,standing,3,0,0,0
1026116,boxes,5,16,210001,standing,4,0,0,0
1026117,boxes,5,16,210001,standing,5,0,0,0
1026118,boxes,5,16,210001,standing,6,0,0,0
1026119,boxes,5,16,210001,standing,7,0,0,0
1026176,boxes,5,16,210001,low_speed,0,0.25,0,0
1026177,boxes,5,16,210001,low_speed,1,-0.25,0,0
1026178,boxes,5,16,210001,low_speed,2,0,0.25,0.25
1026179,boxes,5,16,210001,low_speed,3,0,-0.25,-0.25
1026180,boxes,5,16,210001,low_speed,4,0.25,0,0
1026181,boxes,5,16,210001,low_speed,5,-0.25,0,0
1026182,boxes,5,16,210001,low_speed,6,0,0.25,0.25
1026183,boxes,5,16,210001,low_speed,7,0,-0.25,-0.25
1026240,boxes,5,16,210001,normal_motion,0,0.75,0,0
1026241,boxes,5,16,210001,normal_motion,1,-0.75,0,0
1026242,boxes,5,16,210001,normal_motion,2,0,0.75,0.5
1026243,boxes,5,16,210001,normal_motion,3,0,-0.75,-0.5
1026244,boxes,5,16,210001,normal_motion,4,0.75,0,0
1026245,boxes,5,16,210001,normal_motion,5,-0.75,0,0
1026246,boxes,5,16,210001,normal_motion,6,0,0.75,0.5
1026247,boxes,5,16,210001,normal_motion,7,0,-0.75,-0.5
1026304,boxes,5,16,210002,standing,0,0,0,0
1026305,boxes,5,16,210002,standing,1,0,0,0
1026306,boxes,5,16,210002,standing,2,0,0,0
1026307,boxes,5,16,210002,standing,3,0,0,0
1026308,boxes,5,16,210002,standing,4,0,0,0
1026309,boxes,5,16,210002,standing,5,0,0,0
1026310,boxes,5,16,210002,standing,6,0,0,0
1026311,boxes,5,16,210002,standing,7,0,0,0
1026368,boxes,5,16,210002,low_speed,0,0.25,0,0
1026369,boxes,5,16,210002,low_speed,1,-0.25,0,0
1026370,boxes,5,16,210002,low_speed,2,0,0.25,0.25
1026371,boxes,5,16,210002,low_speed,3,0,-0.25,-0.25
1026372,boxes,5,16,210002,low_speed,4,0.25,0,0
1026373,boxes,5,16,210002,low_speed,5,-0.25,0,0
1026374,boxes,5,16,210002,low_speed,6,0,0.25,0.25
1026375,boxes,5,16,210002,low_speed,7,0,-0.25,-0.25
1026432,boxes,5,16,210002,normal_motion,0,0.75,0,0
1026433,boxes,5,16,210002,normal_motion,1,-0.75,0,0
1026434,boxes,5,16,210002,normal_motion,2,0,0.75,0.5
1026435,boxes,5,16,210002,normal_motion,3,0,-0.75,-0.5
1026436,boxes,5,16,210002,normal_motion,4,0.75,0,0
1026437,boxes,5,16,210002,normal_motion,5,-0.75,0,0
1026438,boxes,5,16,210002,normal_motion,6,0,0.75,0.5
1026439,boxes,5,16,210002,normal_motion,7,0,-0.75,-0.5
1026496,boxes,6,16,210000,standing,0,0,0,0
1026497,boxes,6,16,210000,standing,1,0,0,0
1026498,boxes,6,16,210000,standing,2,0,0,0
1026499,boxes,6,16,210000,standing,3,0,0,0
1026500,boxes,6,16,210000,standing,4,0,0,0
1026501,boxes,6,16,210000,standing,5,0,0,0
1026502,boxes,6,16,210000,standing,6,0,0,0
1026503,boxes,6,16,210000,standing,7,0,0,0
1026560,boxes,6,16,210000,low_speed,0,0.25,0,0
1026561,boxes,6,16,210000,low_speed,1,-0.25,0,0
1026562,boxes,6,16,210000,low_speed,2,0,0.25,0.25
1026563,boxes,6,16,210000,low_speed,3,0,-0.25,-0.25
1026564,boxes,6,16,210000,low_speed,4,0.25,0,0
1026565,boxes,6,16,210000,low_speed,5,-0.25,0,0
1026566,boxes,6,16,210000,low_speed,6,0,0.25,0.25
1026567,boxes,6,16,210000,low_speed,7,0,-0.25,-0.25
1026624,boxes,6,16,210000,normal_motion,0,0.75,0,0
1026625,boxes,6,16,210000,normal_motion,1,-0.75,0,0
1026626,boxes,6,16,210000,normal_motion,2,0,0.75,0.5
1026627,boxes,6,16,210000,normal_motion,3,0,-0.75,-0.5
1026628,boxes,6,16,210000,normal_motion,4,0.75,0,0
1026629,boxes,6,16,210000,normal_motion,5,-0.75,0,0
1026630,boxes,6,16,210000,normal_motion,6,0,0.75,0.5
1026631,boxes,6,16,210000,normal_motion,7,0,-0.75,-0.5
1026688,boxes,6,16,210001,standing,0,0,0,0
1026689,boxes,6,16,210001,standing,1,0,0,0
1026690,boxes,6,16,210001,standing,2,0,0,0
1026691,boxes,6,16,210001,standing,3,0,0,0
1026692,boxes,6,16,210001,standing,4,0,0,0
1026693,boxes,6,16,210001,standing,5,0,0,0
1026694,boxes,6,16,210001,standing,6,0,0,0
1026695,boxes,6,16,210001,standing,7,0,0,0
1026752,boxes,6,16,210001,low_speed,0,0.25,0,0
1026753,boxes,6,16,210001,low_speed,1,-0.25,0,0
1026754,boxes,6,16,210001,low_speed,2,0,0.25,0.25
1026755,boxes,6,16,210001,low_speed,3,0,-0.25,-0.25
1026756,boxes,6,16,210001,low_speed,4,0.25,0,0
1026757,boxes,6,16,210001,low_speed,5,-0.25,0,0
1026758,boxes,6,16,210001,low_speed,6,0,0.25,0.25
1026759,boxes,6,16,210001,low_speed,7,0,-0.25,-0.25
1026816,boxes,6,16,210001,normal_motion,0,0.75,0,0
1026817,boxes,6,16,210001,normal_motion,1,-0.75,0,0
1026818,boxes,6,16,210001,normal_motion,2,0,0.75,0.5
1026819,boxes,6,16,210001,normal_motion,3,0,-0.75,-0.5
1026820,boxes,6,16,210001,normal_motion,4,0.75,0,0
1026821,boxes,6,16,210001,normal_motion,5,-0.75,0,0
1026822,boxes,6,16,210001,normal_motion,6,0,0.75,0.5
1026823,boxes,6,16,210001,normal_motion,7,0,-0.75,-0.5
1026880,boxes,6,16,210002,standing,0,0,0,0
1026881,boxes,6,16,210002,standing,1,0,0,0
1026882,boxes,6,16,210002,standing,2,0,0,0
1026883,boxes,6,16,210002,standing,3,0,0,0
1026884,boxes,6,16,210002,standing,4,0,0,0
1026885,boxes,6,16,210002,standing,5,0,0,0
1026886,boxes,6,16,210002,standing,6,0,0,0
1026887,boxes,6,16,210002,standing,7,0,0,0
1026944,boxes,6,16,210002,low_speed,0,0.25,0,0
1026945,boxes,6,16,210002,low_speed,1,-0.25,0,0
1026946,boxes,6,16,210002,low_speed,2,0,0.25,0.25
1026947,boxes,6,16,210002,low_speed,3,0,-0.25,-0.25
1026948,boxes,6,16,210002,low_speed,4,0.25,0,0
1026949,boxes,6,16,210002,low_speed,5,-0.25,0,0
1026950,boxes,6,16,210002,low_speed,6,0,0.25,0.25
1026951,boxes,6,16,210002,low_speed,7,0,-0.25,-0.25
1027008,boxes,6,16,210002,normal_motion,0,0.75,0,0
1027009,boxes,6,16,210002,normal_motion,1,-0.75,0,0
1027010,boxes,6,16,210002,normal_motion,2,0,0.75,0.5
1027011,boxes,6,16,210002,normal_motion,3,0,-0.75,-0.5
1027012,boxes,6,16,210002,normal_motion,4,0.75,0,0
1027013,boxes,6,16,210002,normal_motion,5,-0.75,0,0
1027014,boxes,6,16,210002,normal_motion,6,0,0.75,0.5
1027015,boxes,6,16,210002,normal_motion,7,0,-0.75,-0.5
1027072,boxes,7,16,210000,standing,0,0,0,0
1027073,boxes,7,16,210000,standing,1,0,0,0
1027074,boxes,7,16,210000,standing,2,0,0,0
1027075,boxes,7,16,210000,standing,3,0,0,0
1027076,boxes,7,16,210000,standing,4,0,0,0
1027077,boxes,7,16,210000,standing,5,0,0,0
1027078,boxes,7,16,210000,standing,6,0,0,0
1027079,boxes,7,16,210000,standing,7,0,0,0
1027136,boxes,7,16,210000,low_speed,0,0.25,0,0
1027137,boxes,7,16,210000,low_speed,1,-0.25,0,0
1027138,boxes,7,16,210000,low_speed,2,0,0.25,0.25
1027139,boxes,7,16,210000,low_speed,3,0,-0.25,-0.25
1027140,boxes,7,16,210000,low_speed,4,0.25,0,0
1027141,boxes,7,16,210000,low_speed,5,-0.25,0,0
1027142,boxes,7,16,210000,low_speed,6,0,0.25,0.25
1027143,boxes,7,16,210000,low_speed,7,0,-0.25,-0.25
1027200,boxes,7,16,210000,normal_motion,0,0.75,0,0
1027201,boxes,7,16,210000,normal_motion,1,-0.75,0,0
1027202,boxes,7,16,210000,normal_motion,2,0,0.75,0.5
1027203,boxes,7,16,210000,normal_motion,3,0,-0.75,-0.5
1027204,boxes,7,16,210000,normal_motion,4,0.75,0,0
1027205,boxes,7,16,210000,normal_motion,5,-0.75,0,0
1027206,boxes,7,16,210000,normal_motion,6,0,0.75,0.5
1027207,boxes,7,16,210000,normal_motion,7,0,-0.75,-0.5
1027264,boxes,7,16,210001,standing,0,0,0,0
1027265,boxes,7,16,210001,standing,1,0,0,0
1027266,boxes,7,16,210001,standing,2,0,0,0
1027267,boxes,7,16,210001,standing,3,0,0,0
1027268,boxes,7,16,210001,standing,4,0,0,0
1027269,boxes,7,16,210001,standing,5,0,0,0
1027270,boxes,7,16,210001,standing,6,0,0,0
1027271,boxes,7,16,210001,standing,7,0,0,0
1027328,boxes,7,16,210001,low_speed,0,0.25,0,0
1027329,boxes,7,16,210001,low_speed,1,-0.25,0,0
1027330,boxes,7,16,210001,low_speed,2,0,0.25,0.25
1027331,boxes,7,16,210001,low_speed,3,0,-0.25,-0.25
1027332,boxes,7,16,210001,low_speed,4,0.25,0,0
1027333,boxes,7,16,210001,low_speed,5,-0.25,0,0
1027334,boxes,7,16,210001,low_speed,6,0,0.25,0.25
1027335,boxes,7,16,210001,low_speed,7,0,-0.25,-0.25
1027392,boxes,7,16,210001,normal_motion,0,0.75,0,0
1027393,boxes,7,16,210001,normal_motion,1,-0.75,0,0
1027394,boxes,7,16,210001,normal_motion,2,0,0.75,0.5
1027395,boxes,7,16,210001,normal_motion,3,0,-0.75,-0.5
1027396,boxes,7,16,210001,normal_motion,4,0.75,0,0
1027397,boxes,7,16,210001,normal_motion,5,-0.75,0,0
1027398,boxes,7,16,210001,normal_motion,6,0,0.75,0.5
1027399,boxes,7,16,210001,normal_motion,7,0,-0.75,-0.5
1027456,boxes,7,16,210002,standing,0,0,0,0
1027457,boxes,7,16,210002,standing,1,0,0,0
1027458,boxes,7,16,210002,standing,2,0,0,0
1027459,boxes,7,16,210002,standing,3,0,0,0
1027460,boxes,7,16,210002,standing,4,0,0,0
1027461,boxes,7,16,210002,standing,5,0,0,0
1027462,boxes,7,16,210002,standing,6,0,0,0
1027463,boxes,7,16,210002,standing,7,0,0,0
1027520,boxes,7,16,210002,low_speed,0,0.25,0,0
1027521,boxes,7,16,210002,low_speed,1,-0.25,0,0
1027522,boxes,7,16,210002,low_speed,2,0,0.25,0.25
1027523,boxes,7,16,210002,low_speed,3,0,-0.25,-0.25
1027524,boxes,7,16,210002,low_speed,4,0.25,0,0
1027525,boxes,7,16,210002,low_speed,5,-0.25,0,0
1027526,boxes,7,16,210002,low_speed,6,0,0.25,0.25
1027527,boxes,7,16,210002,low_speed,7,0,-0.25,-0.25
1027584,boxes,7,16,210002,normal_motion,0,0.75,0,0
1027585,boxes,7,16,210002,normal_motion,1,-0.75,0,0
1027586,boxes,7,16,210002,normal_motion,2,0,0.75,0.5
1027587,boxes,7,16,210002,normal_motion,3,0,-0.75,-0.5
1027588,boxes,7,16,210002,normal_motion,4,0.75,0,0
1027589,boxes,7,16,210002,normal_motion,5,-0.75,0,0
1027590,boxes,7,16,210002,normal_motion,6,0,0.75,0.5
1027591,boxes,7,16,210002,normal_motion,7,0,-0.75,-0.5
1027648,boxes,8,16,210000,standing,0,0,0,0
1027649,boxes,8,16,210000,standing,1,0,0,0
1027650,boxes,8,16,210000,standing,2,0,0,0
1027651,boxes,8,16,210000,standing,3,0,0,0
1027652,boxes,8,16,210000,standing,4,0,0,0
1027653,boxes,8,16,210000,standing,5,0,0,0
1027654,boxes,8,16,210000,standing,6,0,0,0
1027655,boxes,8,16,210000,standing,7,0,0,0
1027712,boxes,8,16,210000,low_speed,0,0.25,0,0
1027713,boxes,8,16,210000,low_speed,1,-0.25,0,0
1027714,boxes,8,16,210000,low_speed,2,0,0.25,0.25
1027715,boxes,8,16,210000,low_speed,3,0,-0.25,-0.25
1027716,boxes,8,16,210000,low_speed,4,0.25,0,0
1027717,boxes,8,16,210000,low_speed,5,-0.25,0,0
1027718,boxes,8,16,210000,low_speed,6,0,0.25,0.25
1027719,boxes,8,16,210000,low_speed,7,0,-0.25,-0.25
1027776,boxes,8,16,210000,normal_motion,0,0.75,0,0
1027777,boxes,8,16,210000,normal_motion,1,-0.75,0,0
1027778,boxes,8,16,210000,normal_motion,2,0,0.75,0.5
1027779,boxes,8,16,210000,normal_motion,3,0,-0.75,-0.5
1027780,boxes,8,16,210000,normal_motion,4,0.75,0,0
1027781,boxes,8,16,210000,normal_motion,5,-0.75,0,0
1027782,boxes,8,16,210000,normal_motion,6,0,0.75,0.5
1027783,boxes,8,16,210000,normal_motion,7,0,-0.75,-0.5
1027840,boxes,8,16,210001,standing,0,0,0,0
1027841,boxes,8,16,210001,standing,1,0,0,0
1027842,boxes,8,16,210001,standing,2,0,0,0
1027843,boxes,8,16,210001,standing,3,0,0,0
1027844,boxes,8,16,210001,standing,4,0,0,0
1027845,boxes,8,16,210001,standing,5,0,0,0
1027846,boxes,8,16,210001,standing,6,0,0,0
1027847,boxes,8,16,210001,standing,7,0,0,0
1027904,boxes,8,16,210001,low_speed,0,0.25,0,0
1027905,boxes,8,16,210001,low_speed,1,-0.25,0,0
1027906,boxes,8,16,210001,low_speed,2,0,0.25,0.25
1027907,boxes,8,16,210001,low_speed,3,0,-0.25,-0.25
1027908,boxes,8,16,210001,low_speed,4,0.25,0,0
1027909,boxes,8,16,210001,low_speed,5,-0.25,0,0
1027910,boxes,8,16,210001,low_speed,6,0,0.25,0.25
1027911,boxes,8,16,210001,low_speed,7,0,-0.25,-0.25
1027968,boxes,8,16,210001,normal_motion,0,0.75,0,0
1027969,boxes,8,16,210001,normal_motion,1,-0.75,0,0
1027970,boxes,8,16,210001,normal_motion,2,0,0.75,0.5
1027971,boxes,8,16,210001,normal_motion,3,0,-0.75,-0.5
1027972,boxes,8,16,210001,normal_motion,4,0.75,0,0
1027973,boxes,8,16,210001,normal_motion,5,-0.75,0,0
1027974,boxes,8,16,210001,normal_motion,6,0,0.75,0.5
1027975,boxes,8,16,210001,normal_motion,7,0,-0.75,-0.5
1028032,boxes,8,16,210002,standing,0,0,0,0
1028033,boxes,8,16,210002,standing,1,0,0,0
1028034,boxes,8,16,210002,standing,2,0,0,0
1028035,boxes,8,16,210002,standing,3,0,0,0
1028036,boxes,8,16,210002,standing,4,0,0,0
1028037,boxes,8,16,210002,standing,5,0,0,0
1028038,boxes,8,16,210002,standing,6,0,0,0
1028039,boxes,8,16,210002,standing,7,0,0,0
1028096,boxes,8,16,210002,low_speed,0,0.25,0,0
1028097,boxes,8,16,210002,low_speed,1,-0.25,0,0
1028098,boxes,8,16,210002,low_speed,2,0,0.25,0.25
1028099,boxes,8,16,210002,low_speed,3,0,-0.25,-0.25
1028100,boxes,8,16,210002,low_speed,4,0.25,0,0
1028101,boxes,8,16,210002,low_speed,5,-0.25,0,0
1028102,boxes,8,16,210002,low_speed,6,0,0.25,0.25
1028103,boxes,8,16,210002,low_speed,7,0,-0.25,-0.25
1028160,boxes,8,16,210002,normal_motion,0,0.75,0,0
1028161,boxes,8,16,210002,normal_motion,1,-0.75,0,0
1028162,boxes,8,16,210002,normal_motion,2,0,0.75,0.5
1028163,boxes,8,16,210002,normal_motion,3,0,-0.75,-0.5
1028164,boxes,8,16,210002,normal_motion,4,0.75,0,0
1028165,boxes,8,16,210002,normal_motion,5,-0.75,0,0
1028166,boxes,8,16,210002,normal_motion,6,0,0.75,0.5
1028167,boxes,8,16,210002,normal_motion,7,0,-0.75,-0.5
1028224,boxes,9,16,210000,standing,0,0,0,0
1028225,boxes,9,16,210000,standing,1,0,0,0
1028226,boxes,9,16,210000,standing,2,0,0,0
1028227,boxes,9,16,210000,standing,3,0,0,0
1028228,boxes,9,16,210000,standing,4,0,0,0
1028229,boxes,9,16,210000,standing,5,0,0,0
1028230,boxes,9,16,210000,standing,6,0,0,0
1028231,boxes,9,16,210000,standing,7,0,0,0
1028288,boxes,9,16,210000,low_speed,0,0.25,0,0
1028289,boxes,9,16,210000,low_speed,1,-0.25,0,0
1028290,boxes,9,16,210000,low_speed,2,0,0.25,0.25
1028291,boxes,9,16,210000,low_speed,3,0,-0.25,-0.25
1028292,boxes,9,16,210000,low_speed,4,0.25,0,0
1028293,boxes,9,16,210000,low_speed,5,-0.25,0,0
1028294,boxes,9,16,210000,low_speed,6,0,0.25,0.25
1028295,boxes,9,16,210000,low_speed,7,0,-0.25,-0.25
1028352,boxes,9,16,210000,normal_motion,0,0.75,0,0
1028353,boxes,9,16,210000,normal_motion,1,-0.75,0,0
1028354,boxes,9,16,210000,normal_motion,2,0,0.75,0.5
1028355,boxes,9,16,210000,normal_motion,3,0,-0.75,-0.5
1028356,boxes,9,16,210000,normal_motion,4,0.75,0,0
1028357,boxes,9,16,210000,normal_motion,5,-0.75,0,0
1028358,boxes,9,16,210000,normal_motion,6,0,0.75,0.5
1028359,boxes,9,16,210000,normal_motion,7,0,-0.75,-0.5
1028416,boxes,9,16,210001,standing,0,0,0,0
1028417,boxes,9,16,210001,standing,1,0,0,0
1028418,boxes,9,16,210001,standing,2,0,0,0
1028419,boxes,9,16,210001,standing,3,0,0,0
1028420,boxes,9,16,210001,standing,4,0,0,0
1028421,boxes,9,16,210001,standing,5,0,0,0
1028422,boxes,9,16,210001,standing,6,0,0,0
1028423,boxes,9,16,210001,standing,7,0,0,0
1028480,boxes,9,16,210001,low_speed,0,0.25,0,0
1028481,boxes,9,16,210001,low_speed,1,-0.25,0,0
1028482,boxes,9,16,210001,low_speed,2,0,0.25,0.25
1028483,boxes,9,16,210001,low_speed,3,0,-0.25,-0.25
1028484,boxes,9,16,210001,low_speed,4,0.25,0,0
1028485,boxes,9,16,210001,low_speed,5,-0.25,0,0
1028486,boxes,9,16,210001,low_speed,6,0,0.25,0.25
1028487,boxes,9,16,210001,low_speed,7,0,-0.25,-0.25
1028544,boxes,9,16,210001,normal_motion,0,0.75,0,0
1028545,boxes,9,16,210001,normal_motion,1,-0.75,0,0
1028546,boxes,9,16,210001,normal_motion,2,0,0.75,0.5
1028547,boxes,9,16,210001,normal_motion,3,0,-0.75,-0.5
1028548,boxes,9,16,210001,normal_motion,4,0.75,0,0
1028549,boxes,9,16,210001,normal_motion,5,-0.75,0,0
1028550,boxes,9,16,210001,normal_motion,6,0,0.75,0.5
1028551,boxes,9,16,210001,normal_motion,7,0,-0.75,-0.5
1028608,boxes,9,16,210002,standing,0,0,0,0
1028609,boxes,9,16,210002,standing,1,0,0,0
1028610,boxes,9,16,210002,standing,2,0,0,0
1028611,boxes,9,16,210002,standing,3,0,0,0
1028612,boxes,9,16,210002,standing,4,0,0,0
1028613,boxes,9,16,210002,standing,5,0,0,0
1028614,boxes,9,16,210002,standing,6,0,0,0
1028615,boxes,9,16,210002,standing,7,0,0,0
1028672,boxes,9,16,210002,low_speed,0,0.25,0,0
1028673,boxes,9,16,210002,low_speed,1,-0.25,0,0
1028674,boxes,9,16,210002,low_speed,2,0,0.25,0.25
1028675,boxes,9,16,210002,low_speed,3,0,-0.25,-0.25
1028676,boxes,9,16,210002,low_speed,4,0.25,0,0
1028677,boxes,9,16,210002,low_speed,5,-0.25,0,0
1028678,boxes,9,16,210002,low_speed,6,0,0.25,0.25
1028679,boxes,9,16,210002,low_speed,7,0,-0.25,-0.25
1028736,boxes,9,16,210002,normal_motion,0,0.75,0,0
1028737,boxes,9,16,210002,normal_motion,1,-0.75,0,0
1028738,boxes,9,16,210002,normal_motion,2,0,0.75,0.5
1028739,boxes,9,16,210002,normal_motion,3,0,-0.75,-0.5
1028740,boxes,9,16,210002,normal_motion,4,0.75,0,0
1028741,boxes,9,16,210002,normal_motion,5,-0.75,0,0
1028742,boxes,9,16,210002,normal_motion,6,0,0.75,0.5
1028743,boxes,9,16,210002,normal_motion,7,0,-0.75,-0.5
1028800,flat_reference,,,210000,standing,0,0,0,0
1028801,flat_reference,,,210000,standing,1,0,0,0
1028802,flat_reference,,,210000,standing,2,0,0,0
1028803,flat_reference,,,210000,standing,3,0,0,0
1028804,flat_reference,,,210000,standing,4,0,0,0
1028805,flat_reference,,,210000,standing,5,0,0,0
1028806,flat_reference,,,210000,standing,6,0,0,0
1028807,flat_reference,,,210000,standing,7,0,0,0
1028864,flat_reference,,,210000,low_speed,0,0.25,0,0
1028865,flat_reference,,,210000,low_speed,1,-0.25,0,0
1028866,flat_reference,,,210000,low_speed,2,0,0.25,0.25
1028867,flat_reference,,,210000,low_speed,3,0,-0.25,-0.25
1028868,flat_reference,,,210000,low_speed,4,0.25,0,0
1028869,flat_reference,,,210000,low_speed,5,-0.25,0,0
1028870,flat_reference,,,210000,low_speed,6,0,0.25,0.25
1028871,flat_reference,,,210000,low_speed,7,0,-0.25,-0.25
1028928,flat_reference,,,210000,normal_motion,0,0.75,0,0
1028929,flat_reference,,,210000,normal_motion,1,-0.75,0,0
1028930,flat_reference,,,210000,normal_motion,2,0,0.75,0.5
1028931,flat_reference,,,210000,normal_motion,3,0,-0.75,-0.5
1028932,flat_reference,,,210000,normal_motion,4,0.75,0,0
1028933,flat_reference,,,210000,normal_motion,5,-0.75,0,0
1028934,flat_reference,,,210000,normal_motion,6,0,0.75,0.5
1028935,flat_reference,,,210000,normal_motion,7,0,-0.75,-0.5
1028992,flat_reference,,,210001,standing,0,0,0,0
1028993,flat_reference,,,210001,standing,1,0,0,0
1028994,flat_reference,,,210001,standing,2,0,0,0
1028995,flat_reference,,,210001,standing,3,0,0,0
1028996,flat_reference,,,210001,standing,4,0,0,0
1028997,flat_reference,,,210001,standing,5,0,0,0
1028998,flat_reference,,,210001,standing,6,0,0,0
1028999,flat_reference,,,210001,standing,7,0,0,0
1029056,flat_reference,,,210001,low_speed,0,0.25,0,0
1029057,flat_reference,,,210001,low_speed,1,-0.25,0,0
1029058,flat_reference,,,210001,low_speed,2,0,0.25,0.25
1029059,flat_reference,,,210001,low_speed,3,0,-0.25,-0.25
1029060,flat_reference,,,210001,low_speed,4,0.25,0,0
1029061,flat_reference,,,210001,low_speed,5,-0.25,0,0
1029062,flat_reference,,,210001,low_speed,6,0,0.25,0.25
1029063,flat_reference,,,210001,low_speed,7,0,-0.25,-0.25
1029120,flat_reference,,,210001,normal_motion,0,0.75,0,0
1029121,flat_reference,,,210001,normal_motion,1,-0.75,0,0
1029122,flat_reference,,,210001,normal_motion,2,0,0.75,0.5
1029123,flat_reference,,,210001,normal_motion,3,0,-0.75,-0.5
1029124,flat_reference,,,210001,normal_motion,4,0.75,0,0
1029125,flat_reference,,,210001,normal_motion,5,-0.75,0,0
1029126,flat_reference,,,210001,normal_motion,6,0,0.75,0.5
1029127,flat_reference,,,210001,normal_motion,7,0,-0.75,-0.5
1029184,flat_reference,,,210002,standing,0,0,0,0
1029185,flat_reference,,,210002,standing,1,0,0,0
1029186,flat_reference,,,210002,standing,2,0,0,0
1029187,flat_reference,,,210002,standing,3,0,0,0
1029188,flat_reference,,,210002,standing,4,0,0,0
1029189,flat_reference,,,210002,standing,5,0,0,0
1029190,flat_reference,,,210002,standing,6,0,0,0
1029191,flat_reference,,,210002,standing,7,0,0,0
1029248,flat_reference,,,210002,low_speed,0,0.25,0,0
1029249,flat_reference,,,210002,low_speed,1,-0.25,0,0
1029250,flat_reference,,,210002,low_speed,2,0,0.25,0.25
1029251,flat_reference,,,210002,low_speed,3,0,-0.25,-0.25
1029252,flat_reference,,,210002,low_speed,4,0.25,0,0
1029253,flat_reference,,,210002,low_speed,5,-0.25,0,0
1029254,flat_reference,,,210002,low_speed,6,0,0.25,0.25
1029255,flat_reference,,,210002,low_speed,7,0,-0.25,-0.25
1029312,flat_reference,,,210002,normal_motion,0,0.75,0,0
1029313,flat_reference,,,210002,normal_motion,1,-0.75,0,0
1029314,flat_reference,,,210002,normal_motion,2,0,0.75,0.5
1029315,flat_reference,,,210002,normal_motion,3,0,-0.75,-0.5
1029316,flat_reference,,,210002,normal_motion,4,0.75,0,0
1029317,flat_reference,,,210002,normal_motion,5,-0.75,0,0
1029318,flat_reference,,,210002,normal_motion,6,0,0.75,0.5
1029319,flat_reference,,,210002,normal_motion,7,0,-0.75,-0.5
